_index	Louvain clustering (resolution=0.5)	CD3E
AAACATACAACCAC-1	Cluster 8	2.0
AAACATTGAGCTAC-1	Cluster 8	0.0
AAACATTGATCAGC-1	Cluster 1	2.0
AAACCGTGCTTCCG-1	Cluster 2	0.0
AAACCGTGTATGCG-1	Cluster 5	0.0
AAACGCACTGGTAC-1	Cluster 1	2.0
AAACGCTGACCAGT-1	Cluster 1	0.0
AAACGCTGGTTCTT-1	Cluster 8	2.0
AAACGCTGTAGCCA-1	Cluster 4	1.0
AAACGCTGTTTCTG-1	Cluster 2	0.0
AAACTTGAAAAACG-1	Cluster 4	1.0
AAACTTGATCCAGA-1	Cluster 1	3.0
AAAGAGACGAGATA-1	Cluster 8	1.0
AAAGAGACGCGAGA-1	Cluster 2	0.0
AAAGAGACGGACTT-1	Cluster 1	1.0
AAAGAGACGGCATT-1	Cluster 5	0.0
AAAGATCTGGGCAA-1	Cluster 2	0.0
AAAGCAGAAGCCAT-1	Cluster 5	0.0
AAAGCAGATATCGG-1	Cluster 6	0.0
AAAGCCTGTATGCG-1	Cluster 8	4.0
AAAGGCCTGTCTAG-1	Cluster 8	3.0
AAAGTTTGATCACG-1	Cluster 4	0.0
AAAGTTTGGGGTGA-1	Cluster 4	0.0
AAAGTTTGTAGAGA-1	Cluster 8	1.0
AAAGTTTGTAGCGT-1	Cluster 2	0.0
AAATCAACAATGCC-1	Cluster 4	0.0
AAATCAACACCAGT-1	Cluster 8	0.0
AAATCAACCAGGAG-1	Cluster 1	0.0
AAATCAACCCTATT-1	Cluster 6	1.0
AAATCAACGGAAGC-1	Cluster 1	0.0
AAATCAACTCGCAA-1	Cluster 1	5.0
AAATCATGACCACA-1	Cluster 6	2.0
AAATCCCTCCACAA-1	Cluster 5	3.0
AAATCCCTGCTATG-1	Cluster 4	0.0
AAATGTTGAACGAA-1	Cluster 2	0.0
AAATGTTGCCACAA-1	Cluster 8	1.0
AAATGTTGTGGCAT-1	Cluster 2	0.0
AAATTCGAAGGTTC-1	Cluster 1	2.0
AAATTCGAATCACG-1	Cluster 2	0.0
AAATTCGAGCTGAT-1	Cluster 2	0.0
AAATTCGAGGAGTG-1	Cluster 1	7.0
AAATTCGATTCTCA-1	Cluster 7	3.0
AAATTGACACGACT-1	Cluster 1	4.0
AAATTGACTCGCTC-1	Cluster 8	4.0
AACAAACTCATTTC-1	Cluster 8	2.0
AACAAACTTTCGTT-1	Cluster 1	1.0
AACAATACGACGAG-1	Cluster 1	2.0
AACACGTGCAGAGG-1	Cluster 5	3.0
AACACGTGGAAAGT-1	Cluster 1	4.0
AACACGTGGAACCT-1	Cluster 2	0.0
AACACGTGGCTACA-1	Cluster 1	0.0
AACACGTGTACGAC-1	Cluster 6	0.0
AACAGCACAAGAGT-1	Cluster 2	0.0
AACATTGATGGGAG-1	Cluster 6	0.0
AACCAGTGATACCG-1	Cluster 6	0.0
AACCCAGATCGCTC-1	Cluster 8	0.0
AACCGATGCTCCCA-1	Cluster 1	1.0
AACCGATGGTCATG-1	Cluster 4	0.0
AACCGATGTTCTAC-1	Cluster 2	0.0
AACCGCCTAGCGTT-1	Cluster 8	2.0
AACCGCCTCTACGA-1	Cluster 2	0.0
AACCTACTGTGAGG-1	Cluster 6	0.0
AACCTACTGTGTTG-1	Cluster 1	0.0
AACCTTACGAGACG-1	Cluster 1	3.0
AACCTTACGCGAGA-1	Cluster 7	0.0
AACCTTACTAACGC-1	Cluster 2	0.0
AACCTTTGGACGGA-1	Cluster 1	1.0
AACCTTTGTACGCA-1	Cluster 6	0.0
AACGCAACAAGTAG-1	Cluster 8	0.0
AACGCATGACCCAA-1	Cluster 8	6.0
AACGCATGCCTTCG-1	Cluster 8	2.0
AACGCATGTACTTC-1	Cluster 8	5.0
AACGCCCTCGGGAA-1	Cluster 8	1.0
AACGCCCTCGTACA-1	Cluster 7	0.0
AACGCCCTGCTTAG-1	Cluster 4	0.0
AACGCCCTGGCATT-1	Cluster 8	1.0
AACGTCGAGTATCG-1	Cluster 7	0.0
AACGTGTGAAAGCA-1	Cluster 1	1.0
AACGTGTGGCGGAA-1	Cluster 4	1.0
AACGTGTGTCCAAG-1	Cluster 8	2.0
AACGTGTGTGCTTT-1	Cluster 8	2.0
AACTACCTTAGAGA-1	Cluster 1	2.0
AACTCACTCAAGCT-1	Cluster 2	0.0
AACTCACTTGGAGG-1	Cluster 2	0.0
AACTCGGAAAGTGA-1	Cluster 8	0.0
AACTCGGAAGGTCT-1	Cluster 2	0.0
AACTCTTGCAGGAG-1	Cluster 8	0.0
AACTGTCTCCCTTG-1	Cluster 2	0.0
AACTTGCTACGCTA-1	Cluster 8	0.0
AACTTGCTGGGACA-1	Cluster 1	2.0
AAGAACGAGTGTTG-1	Cluster 5	1.0
AAGAAGACGTAGGG-1	Cluster 4	1.0
AAGACAGAAGTCTG-1	Cluster 4	0.0
AAGACAGAGGATCT-1	Cluster 8	0.0
AAGACAGATTACCT-1	Cluster 2	0.0
AAGAGATGGGTAGG-1	Cluster 4	0.0
AAGATGGAAAACAG-1	Cluster 4	0.0
AAGATGGAGAACTC-1	Cluster 2	0.0
AAGATGGAGATAAG-1	Cluster 2	0.0
AAGATTACAACCTG-1	Cluster 1	2.0
AAGATTACAGATCC-1	Cluster 2	1.0
AAGATTACCCGTTC-1	Cluster 2	0.0
AAGATTACCGCCTT-1	Cluster 2	0.0
AAGATTACCTCAAG-1	Cluster 7	1.0
AAGATTACTCCTCG-1	Cluster 2	0.0
AAGCAAGAGCGAGA-1	Cluster 1	3.0
AAGCAAGAGCTTAG-1	Cluster 1	0.0
AAGCAAGAGGTGTT-1	Cluster 5	0.0
AAGCACTGAGCAAA-1	Cluster 4	0.0
AAGCACTGCATACG-1	Cluster 5	0.0
AAGCACTGGTTCTT-1	Cluster 8	0.0
AAGCCAACGTGTTG-1	Cluster 8	3.0
AAGCCATGAACTGC-1	Cluster 3	0.0
AAGCCATGACACGT-1	Cluster 2	0.0
AAGCCATGCGTGAT-1	Cluster 8	2.0
AAGCCATGTCTCGC-1	Cluster 5	0.0
AAGCCTGACATGCA-1	Cluster 1	2.0
AAGCCTGACCGAAT-1	Cluster 2	0.0
AAGCGACTCCTCAC-1	Cluster 2	0.0
AAGCGACTGTGTCA-1	Cluster 1	2.0
AAGCGACTTACAGC-1	Cluster 4	0.0
AAGCGACTTTGACG-1	Cluster 6	0.0
AAGCGTACGTCTTT-1	Cluster 1	0.0
AAGGCTTGCGAACT-1	Cluster 7	1.0
AAGGTCACGGTTAC-1	Cluster 2	0.0
AAGGTCACTGTTTC-1	Cluster 4	0.0
AAGGTCACTTCCCG-1	Cluster 8	2.0
AAGGTCTGACAGTC-1	Cluster 8	2.0
AAGGTCTGCAGATC-1	Cluster 5	2.0
AAGGTCTGGTATGC-1	Cluster 2	0.0
AAGTAACTCTGAAC-1	Cluster 2	0.0
AAGTAACTGAGATA-1	Cluster 4	0.0
AAGTAGGATACAGC-1	Cluster 7	1.0
AAGTATACCGAACT-1	Cluster 8	0.0
AAGTCCGACTTGTT-1	Cluster 1	1.0
AAGTCCGATAGAAG-1	Cluster 8	4.0
AAGTCTCTAGTCGT-1	Cluster 1	1.0
AAGTCTCTCGGAGA-1	Cluster 7	1.0
AAGTGGCTTGGAGG-1	Cluster 4	0.0
AAGTTCCTCATTCT-1	Cluster 2	0.0
AAGTTCCTTCTTAC-1	Cluster 1	2.0
AATAAGCTCGAATC-1	Cluster 8	4.0
AATAAGCTCGTTGA-1	Cluster 8	0.0
AATACCCTGGACGA-1	Cluster 4	0.0
AATACCCTGGCATT-1	Cluster 1	3.0
AATACTGAAAGGGC-1	Cluster 1	0.0
AATACTGAATTGGC-1	Cluster 7	0.0
AATAGGGAACCCTC-1	Cluster 4	0.0
AATAGGGAGAATGA-1	Cluster 7	1.0
AATCAAACTATCGG-1	Cluster 8	0.0
AATCCGGAATGCTG-1	Cluster 4	0.0
AATCCTACCGGTAT-1	Cluster 8	0.0
AATCCTTGACGGGA-1	Cluster 2	0.0
AATCCTTGGTGAGG-1	Cluster 7	0.0
AATCGGTGGAACTC-1	Cluster 7	1.0
AATCGGTGTGCTTT-1	Cluster 1	2.0
AATCTAGAAAAGTG-1	Cluster 8	3.0
AATCTAGAATCGGT-1	Cluster 1	4.0
AATCTCACAGCCTA-1	Cluster 2	0.0
AATCTCACTCTAGG-1	Cluster 8	2.0
AATCTCTGAACAGA-1	Cluster 8	3.0
AATCTCTGCTTTAC-1	Cluster 7	1.0
AATGATACACCAAC-1	Cluster 7	1.0
AATGATACGGTCAT-1	Cluster 2	0.0
AATGCGTGACACCA-1	Cluster 4	1.0
AATGCGTGGACGGA-1	Cluster 2	0.0
AATGCGTGGCTATG-1	Cluster 4	0.0
AATGGAGAATCGTG-1	Cluster 2	0.0
AATGGAGATCCTTA-1	Cluster 8	1.0
AATGGCTGACACCA-1	Cluster 4	0.0
AATGGCTGCGTGAT-1	Cluster 1	1.0
AATGGCTGTAAAGG-1	Cluster 5	0.0
AATGGCTGTACTCT-1	Cluster 7	1.0
AATGGCTGTGAAGA-1	Cluster 1	3.0
AATGTAACGGTGGA-1	Cluster 8	0.0
AATGTAACGTTTGG-1	Cluster 7	1.0
AATGTCCTCTTCTA-1	Cluster 8	6.0
AATGTTGACAGTCA-1	Cluster 8	0.0
AATGTTGAGTTGAC-1	Cluster 2	0.0
AATGTTGATCTACT-1	Cluster 8	0.0
AATTACGAATTCCT-1	Cluster 3	1.0
AATTACGACTTCTA-1	Cluster 8	2.0
AATTACGAGTAGCT-1	Cluster 8	0.0
AATTACGAGTGAGG-1	Cluster 8	1.0
AATTACGATTGGCA-1	Cluster 4	0.0
AATTCCTGCTCAGA-1	Cluster 4	0.0
AATTGATGTCGCAA-1	Cluster 6	0.0
AATTGTGACTTGGA-1	Cluster 4	0.0
ACAAAGGAGGGTGA-1	Cluster 1	2.0
ACAAATTGATTCTC-1	Cluster 6	0.0
ACAAATTGCTCAGA-1	Cluster 2	0.0
ACAAATTGTTGCGA-1	Cluster 7	1.0
ACAACCGAGGGATG-1	Cluster 7	2.0
ACAACCGAGTTACG-1	Cluster 8	2.0
ACAAGAGAAGTCGT-1	Cluster 2	1.0
ACAAGAGACTTATC-1	Cluster 1	0.0
ACAAGAGAGTTGAC-1	Cluster 4	0.0
ACAATCCTAACCGT-1	Cluster 8	1.0
ACAATCCTTAGCGT-1	Cluster 4	0.0
ACAATTGACTGACA-1	Cluster 1	2.0
ACAATTGATGACTG-1	Cluster 7	3.0
ACACAGACACCTGA-1	Cluster 2	0.0
ACACAGACCATACG-1	Cluster 7	1.0
ACACCAGAGGGCAA-1	Cluster 1	1.0
ACACCCTGGTGTTG-1	Cluster 7	1.0
ACACGAACAGTTCG-1	Cluster 5	3.0
ACACGATGACGCAT-1	Cluster 8	3.0
ACACGATGATGTGC-1	Cluster 2	1.0
ACACGATGTCGTAG-1	Cluster 1	2.0
ACACGATGTGGTCA-1	Cluster 7	2.0
ACAGACACGGCATT-1	Cluster 1	0.0
ACAGACACGTTGTG-1	Cluster 1	0.0
ACAGCAACACCTAG-1	Cluster 2	0.0
ACAGCAACCTCAAG-1	Cluster 6	0.0
ACAGGTACCCCACT-1	Cluster 1	1.0
ACAGGTACGCTGTA-1	Cluster 7	2.0
ACAGGTACTGGTGT-1	Cluster 7	0.0
ACAGTCGACCCAAA-1	Cluster 5	2.0
ACAGTCGACCGATA-1	Cluster 7	1.0
ACAGTGACTCACCC-1	Cluster 5	0.0
ACAGTGACTCTATC-1	Cluster 5	0.0
ACAGTGTGGTCACA-1	Cluster 5	0.0
ACAGTGTGTTGCGA-1	Cluster 2	0.0
ACATCACTCTACTT-1	Cluster 2	0.0
ACATGGTGAAGCCT-1	Cluster 8	1.0
ACATGGTGCAACCA-1	Cluster 4	0.0
ACATGGTGCGAGTT-1	Cluster 1	3.0
ACATGGTGCGTTGA-1	Cluster 7	1.0
ACATTCTGGCATAC-1	Cluster 8	3.0
ACATTCTGGGAACG-1	Cluster 2	1.0
ACCAACGACATGCA-1	Cluster 8	0.0
ACCACAGAAAGTAG-1	Cluster 8	1.0
ACCACAGAGTTGGT-1	Cluster 1	2.0
ACCACCTGTGTGCA-1	Cluster 5	1.0
ACCACGCTACAGCT-1	Cluster 1	2.0
ACCACGCTACCCAA-1	Cluster 1	1.0
ACCACGCTGCGAGA-1	Cluster 8	0.0
ACCACGCTGCTGTA-1	Cluster 7	2.0
ACCAGCCTGACAGG-1	Cluster 8	1.0
ACCAGTGAACGGTT-1	Cluster 4	0.0
ACCAGTGAATACCG-1	Cluster 6	0.0
ACCAGTGAGGGATG-1	Cluster 1	4.0
ACCAGTGATGACTG-1	Cluster 2	0.0
ACCATTACCTTCTA-1	Cluster 8	4.0
ACCATTACGAGATA-1	Cluster 1	2.0
ACCATTTGTCATTC-1	Cluster 5	1.0
ACCCAAGAACTGTG-1	Cluster 7	0.0
ACCCAAGAATTCCT-1	Cluster 6	0.0
ACCCAAGAGGACAG-1	Cluster 8	0.0
ACCCAAGATTCACT-1	Cluster 4	0.0
ACCCACTGCGCCTT-1	Cluster 2	0.0
ACCCACTGGACAGG-1	Cluster 5	1.0
ACCCACTGGTTCAG-1	Cluster 4	0.0
ACCCACTGTCGTAG-1	Cluster 2	0.0
ACCCAGCTCAGAAA-1	Cluster 8	3.0
ACCCAGCTGTTAGC-1	Cluster 2	1.0
ACCCAGCTTGCTTT-1	Cluster 8	4.0
ACCCGTTGATGACC-1	Cluster 4	0.0
ACCCGTTGCTGCAA-1	Cluster 8	2.0
ACCCGTTGCTTCTA-1	Cluster 8	4.0
ACCCTCGACCTATT-1	Cluster 8	0.0
ACCCTCGACGGTAT-1	Cluster 4	0.0
ACCCTCGATAAGGA-1	Cluster 2	0.0
ACCCTCGATCAAGC-1	Cluster 2	0.0
ACCGTGCTACCAGT-1	Cluster 8	2.0
ACCGTGCTGGAACG-1	Cluster 4	0.0
ACCTATTGCTGAGT-1	Cluster 4	0.0
ACCTATTGTGCCCT-1	Cluster 6	0.0
ACCTCCGAGTCCTC-1	Cluster 8	4.0
ACCTCCGATATGCG-1	Cluster 8	3.0
ACCTCCGATGCTGA-1	Cluster 1	1.0
ACCTCGTGAACCAC-1	Cluster 1	0.0
ACCTGAGATATCGG-1	Cluster 2	1.0
ACCTGGCTAAGTAG-1	Cluster 7	0.0
ACCTGGCTGTCTTT-1	Cluster 2	0.0
ACCTTTGACTCCCA-1	Cluster 2	1.0
ACCTTTGAGGAACG-1	Cluster 2	1.0
ACCTTTGAGGAAGC-1	Cluster 6	0.0
ACGAACACCTTGTT-1	Cluster 7	1.0
ACGAACTGGCTATG-1	Cluster 6	1.0
ACGAAGCTCTCCAC-1	Cluster 5	1.0
ACGAAGCTCTGAGT-1	Cluster 8	1.0
ACGACCCTATCTCT-1	Cluster 2	0.0
ACGACCCTGATGAA-1	Cluster 7	1.0
ACGACCCTTGACAC-1	Cluster 4	1.0
ACGACCCTTGACCA-1	Cluster 1	3.0
ACGAGGGACAGGAG-1	Cluster 3	0.0
ACGAGGGACGAACT-1	Cluster 1	11.0
ACGAGGGATGTAGC-1	Cluster 1	1.0
ACGAGTACCCTAAG-1	Cluster 4	0.0
ACGAGTACGAATCC-1	Cluster 1	2.0
ACGATCGAGGACTT-1	Cluster 7	0.0
ACGATCGAGTCACA-1	Cluster 2	0.0
ACGATGACAATGCC-1	Cluster 8	1.0
ACGATGACTGGTCA-1	Cluster 8	0.0
ACGATTCTACGGGA-1	Cluster 7	1.0
ACGCAATGGTTCAG-1	Cluster 7	0.0
ACGCACCTGTTAGC-1	Cluster 4	1.0
ACGCCACTGAACTC-1	Cluster 2	0.0
ACGCCGGAAACCAC-1	Cluster 2	0.0
ACGCCGGAAAGCCT-1	Cluster 1	1.0
ACGCCGGAAATGCC-1	Cluster 5	2.0
ACGCCTTGCTCCCA-1	Cluster 2	0.0
ACGCGGTGGCGAGA-1	Cluster 8	3.0
ACGCGGTGTGTGGT-1	Cluster 4	0.0
ACGCGGTGTTTGCT-1	Cluster 8	1.0
ACGCTCACAGTACC-1	Cluster 8	3.0
ACGCTCACCCTTGC-1	Cluster 8	3.0
ACGCTGCTGTTCTT-1	Cluster 7	1.0
ACGGAACTCAGATC-1	Cluster 7	0.0
ACGGAACTGTCGTA-1	Cluster 6	0.0
ACGGAGGACTCTTA-1	Cluster 2	0.0
ACGGATTGGGAGGT-1	Cluster 4	0.0
ACGGATTGGTTAGC-1	Cluster 8	3.0
ACGGCTCTGAGCAG-1	Cluster 8	2.0
ACGGCTCTTGCACA-1	Cluster 8	0.0
ACGGTAACCGCTAA-1	Cluster 7	2.0
ACGGTAACCTTCGC-1	Cluster 7	1.0
ACGGTAACGGTGGA-1	Cluster 7	2.0
ACGGTAACTCGCAA-1	Cluster 5	0.0
ACGGTATGAGTCGT-1	Cluster 2	0.0
ACGGTATGGGTATC-1	Cluster 4	1.0
ACGGTATGGTTGTG-1	Cluster 4	0.0
ACGGTCCTAACGGG-1	Cluster 8	3.0
ACGGTCCTCGGGAA-1	Cluster 8	1.0
ACGTAGACAACCAC-1	Cluster 8	4.0
ACGTAGACTACAGC-1	Cluster 4	0.0
ACGTCAGAAACGAA-1	Cluster 8	0.0
ACGTCAGAGAGCTT-1	Cluster 2	0.0
ACGTCAGAGGGATG-1	Cluster 8	0.0
ACGTCCTGATAAGG-1	Cluster 2	0.0
ACGTCCTGTGAACC-1	Cluster 2	0.0
ACGTCGCTCCTGAA-1	Cluster 7	0.0
ACGTCGCTCTATTC-1	Cluster 2	0.0
ACGTCGCTTCTCAT-1	Cluster 4	0.0
ACGTGATGCCATGA-1	Cluster 2	0.0
ACGTGATGGGTCTA-1	Cluster 1	1.0
ACGTGATGTAACCG-1	Cluster 2	0.0
ACGTGATGTGACAC-1	Cluster 7	1.0
ACGTGCCTCCGTAA-1	Cluster 8	1.0
ACGTGCCTTCTATC-1	Cluster 7	0.0
ACGTTACTTTCCAT-1	Cluster 5	2.0
ACGTTGGAAAAGCA-1	Cluster 1	1.0
ACGTTGGAAACCTG-1	Cluster 7	1.0
ACGTTGGACCGTAA-1	Cluster 2	0.0
ACGTTGGAGCCAAT-1	Cluster 7	0.0
ACGTTGGATATGGC-1	Cluster 4	0.0
ACGTTGGATCAGGT-1	Cluster 2	0.0
ACGTTTACATCAGC-1	Cluster 1	1.0
ACTAAAACCCACAA-1	Cluster 5	2.0
ACTAAAACTCGACA-1	Cluster 2	0.0
ACTACGGAATTTCC-1	Cluster 1	0.0
ACTACGGACCTATT-1	Cluster 8	0.0
ACTACGGATCGCTC-1	Cluster 8	4.0
ACTACTACTAAGGA-1	Cluster 8	1.0
ACTAGGTGGAACCT-1	Cluster 7	1.0
ACTAGGTGGAACTC-1	Cluster 8	3.0
ACTATCACCTTGGA-1	Cluster 7	1.0
ACTATCACTGCCAA-1	Cluster 1	1.0
ACTCAGGACTGAAC-1	Cluster 8	4.0
ACTCAGGATCTATC-1	Cluster 4	0.0
ACTCAGGATTCGTT-1	Cluster 2	0.0
ACTCCTCTCAACTG-1	Cluster 8	1.0
ACTCGCACGAAAGT-1	Cluster 2	0.0
ACTCGCACTACGAC-1	Cluster 2	0.0
ACTCTCCTGACACT-1	Cluster 8	2.0
ACTCTCCTGCATAC-1	Cluster 1	0.0
ACTCTCCTGTTTGG-1	Cluster 8	1.0
ACTGAGACAACCAC-1	Cluster 7	1.0
ACTGAGACCCATAG-1	Cluster 6	0.0
ACTGAGACGTTGGT-1	Cluster 4	0.0
ACTGCCACACACGT-1	Cluster 1	2.0
ACTGCCACTCCGTC-1	Cluster 7	0.0
ACTGGCCTTCAGTG-1	Cluster 7	0.0
ACTGTGGACGTGTA-1	Cluster 4	3.0
ACTGTGGATCTAGG-1	Cluster 8	1.0
ACTGTTACCCACAA-1	Cluster 2	0.0
ACTGTTACTGCAGT-1	Cluster 7	2.0
ACTTAAGAACCACA-1	Cluster 1	3.0
ACTTAAGACCACAA-1	Cluster 7	0.0
ACTTAAGATTACTC-1	Cluster 2	0.0
ACTTAGCTGCGTAT-1	Cluster 6	0.0
ACTTAGCTGGGAGT-1	Cluster 8	2.0
ACTTCAACAAGCAA-1	Cluster 8	0.0
ACTTCAACGTAGGG-1	Cluster 7	0.0
ACTTCCCTTTCCGC-1	Cluster 8	2.0
ACTTCTGACATGCA-1	Cluster 4	0.0
ACTTGACTCCACAA-1	Cluster 4	0.0
ACTTGGGAGAAAGT-1	Cluster 2	0.0
ACTTGGGAGGTTTG-1	Cluster 5	4.0
ACTTGGGATGTGAC-1	Cluster 2	0.0
ACTTGGGATTGACG-1	Cluster 2	0.0
ACTTGTACCCGAAT-1	Cluster 1	0.0
ACTTGTACCTGTCC-1	Cluster 5	2.0
ACTTTGTGCGATAC-1	Cluster 5	0.0
ACTTTGTGGAAAGT-1	Cluster 1	2.0
ACTTTGTGGATAGA-1	Cluster 2	0.0
AGAAACGAAAGTAG-1	Cluster 4	0.0
AGAAAGTGCGCAAT-1	Cluster 8	1.0
AGAAAGTGGGGATG-1	Cluster 2	0.0
AGAACAGAAATGCC-1	Cluster 7	0.0
AGAACAGACGACTA-1	Cluster 4	0.0
AGAACAGAGACAAA-1	Cluster 1	0.0
AGAACGCTTTGCTT-1	Cluster 1	0.0
AGAAGATGTGACTG-1	Cluster 8	1.0
AGAATGGAAGAAGT-1	Cluster 7	1.0
AGAATTTGTAACCG-1	Cluster 8	3.0
AGAATTTGTAGAGA-1	Cluster 1	0.0
AGACACACTGTAGC-1	Cluster 1	2.0
AGACACTGTCAAGC-1	Cluster 2	0.0
AGACCTGAAGTAGA-1	Cluster 2	0.0
AGACCTGACCAACA-1	Cluster 8	0.0
AGACCTGAGGAAGC-1	Cluster 8	2.0
AGACGTACAGAGGC-1	Cluster 8	3.0
AGACGTACCCCTAC-1	Cluster 4	0.0
AGACGTACCTCTTA-1	Cluster 2	0.0
AGACGTACTCGTGA-1	Cluster 2	0.0
AGACTGACCATCAG-1	Cluster 7	4.0
AGACTGACCCTTTA-1	Cluster 8	3.0
AGACTTCTCATGCA-1	Cluster 4	0.0
AGAGATGACAGTCA-1	Cluster 4	0.0
AGAGATGACTGAAC-1	Cluster 1	4.0
AGAGATGAGGTTTG-1	Cluster 2	0.0
AGAGATGATCTCGC-1	Cluster 4	0.0
AGAGATGATTGTGG-1	Cluster 8	1.0
AGAGCGGAGGCAAG-1	Cluster 6	0.0
AGAGGTCTACAGCT-1	Cluster 8	9.0
AGAGTCTGGTCGTA-1	Cluster 6	0.0
AGAGTGCTCAGCTA-1	Cluster 8	0.0
AGAGTGCTCGAATC-1	Cluster 8	0.0
AGAGTGCTGTCATG-1	Cluster 8	5.0
AGAGTGCTGTCCTC-1	Cluster 7	1.0
AGAGTGCTGTGTTG-1	Cluster 8	0.0
AGATATACCCGTAA-1	Cluster 7	1.0
AGATATACGATGAA-1	Cluster 1	2.0
AGATATACTGTTCT-1	Cluster 4	0.0
AGATATTGCCTACC-1	Cluster 8	2.0
AGATATTGGCCAAT-1	Cluster 2	0.0
AGATCGTGTCTGGA-1	Cluster 6	0.0
AGATCGTGTTTGTC-1	Cluster 4	0.0
AGATCTCTATCACG-1	Cluster 4	0.0
AGATTAACGTTCTT-1	Cluster 6	0.0
AGATTCCTATCGTG-1	Cluster 1	3.0
AGATTCCTCACTTT-1	Cluster 2	0.0
AGATTCCTGACGAG-1	Cluster 2	0.0
AGATTCCTGTTCAG-1	Cluster 7	0.0
AGCAAAGATATGCG-1	Cluster 1	0.0
AGCACAACAGTCTG-1	Cluster 7	0.0
AGCACTGAGGGAGT-1	Cluster 1	1.0
AGCACTGATATGCG-1	Cluster 8	5.0
AGCACTGATGCTTT-1	Cluster 3	0.0
AGCACTGATTGCGA-1	Cluster 8	1.0
AGCATCGAAGATCC-1	Cluster 5	1.0
AGCATCGAAGGGTG-1	Cluster 4	0.0
AGCATCGAGCTTCC-1	Cluster 2	0.0
AGCATCGAGTGAGG-1	Cluster 8	0.0
AGCATCGATAACCG-1	Cluster 2	0.0
AGCATGACGATGAA-1	Cluster 1	3.0
AGCCAATGGGGAGT-1	Cluster 2	2.0
AGCCAATGTATCTC-1	Cluster 8	1.0
AGCCACCTGGATCT-1	Cluster 7	2.0
AGCCGGTGCCAATG-1	Cluster 8	2.0
AGCCGGTGTGTTTC-1	Cluster 8	1.0
AGCCGTCTCAATCG-1	Cluster 1	34.0
AGCCGTCTGAGAGC-1	Cluster 8	4.0
AGCCTCACGTTCGA-1	Cluster 8	3.0
AGCCTCACTGTCAG-1	Cluster 6	0.0
AGCCTCTGCAGTTG-1	Cluster 4	0.0
AGCCTCTGCCAATG-1	Cluster 7	0.0
AGCGAACTGGATCT-1	Cluster 1	1.0
AGCGAACTTACTGG-1	Cluster 8	0.0
AGCGATACGGAGCA-1	Cluster 8	0.0
AGCGATTGAGATCC-1	Cluster 7	0.0
AGCGCCGAATCTCT-1	Cluster 5	0.0
AGCGCCGACAGAGG-1	Cluster 1	2.0
AGCGCTCTACCTTT-1	Cluster 8	2.0
AGCGGCACCGGGAA-1	Cluster 1	0.0
AGCGGCTGATGTGC-1	Cluster 8	2.0
AGCGGGCTTGCCAA-1	Cluster 8	0.0
AGCGTAACATGCTG-1	Cluster 8	2.0
AGCGTAACTGAGAA-1	Cluster 2	0.0
AGCTCGCTACTGGT-1	Cluster 1	1.0
AGCTCGCTCTGCTC-1	Cluster 8	2.0
AGCTGAACCATACG-1	Cluster 6	0.0
AGCTGAACCTCTCG-1	Cluster 8	3.0
AGCTGCCTTGGGAG-1	Cluster 2	0.0
AGCTGCCTTTCATC-1	Cluster 8	7.0
AGCTGCCTTTCTGT-1	Cluster 8	0.0
AGCTGTGATCCAAG-1	Cluster 5	0.0
AGCTTTACAAGTAG-1	Cluster 1	1.0
AGCTTTACACCAAC-1	Cluster 7	3.0
AGCTTTACTCTCAT-1	Cluster 4	0.0
AGGAAATGAGGAGC-1	Cluster 8	6.0
AGGAACCTCTTAGG-1	Cluster 6	0.0
AGGAACCTTGCCTC-1	Cluster 7	1.0
AGGAATGATAACGC-1	Cluster 7	2.0
AGGAATGATTTGTC-1	Cluster 1	1.0
AGGAGTCTGGTTTG-1	Cluster 1	0.0
AGGAGTCTTGTCAG-1	Cluster 1	1.0
AGGATAGACATTTC-1	Cluster 8	3.0
AGGATAGAGGATTC-1	Cluster 1	0.0
AGGATGCTACTAGC-1	Cluster 4	0.0
AGGATGCTTTAGGC-1	Cluster 7	0.0
AGGCAACTGAAGGC-1	Cluster 1	2.0
AGGCAGGAGTACCA-1	Cluster 7	2.0
AGGCCTCTAGTCGT-1	Cluster 1	0.0
AGGCCTCTCGGAGA-1	Cluster 8	3.0
AGGCCTCTCGTAAC-1	Cluster 5	0.0
AGGGACGACGTTGA-1	Cluster 8	2.0
AGGGACGAGTCAAC-1	Cluster 7	0.0
AGGGACGAGTTGTG-1	Cluster 8	3.0
AGGGACGATAGAGA-1	Cluster 7	0.0
AGGGACGATGCATG-1	Cluster 7	4.0
AGGGAGTGAGCCTA-1	Cluster 5	0.0
AGGGCCACCATACG-1	Cluster 1	2.0
AGGGCGCTAACCAC-1	Cluster 2	0.0
AGGGCGCTATGGTC-1	Cluster 7	2.0
AGGGTGGACAGTCA-1	Cluster 4	0.0
AGGGTGGACTCAAG-1	Cluster 2	0.0
AGGGTGGAGTTGCA-1	Cluster 1	1.0
AGGGTTTGTTCATC-1	Cluster 2	0.0
AGGTCATGAGTGTC-1	Cluster 4	0.0
AGGTCATGCTTATC-1	Cluster 7	0.0
AGGTCTGATTCTCA-1	Cluster 2	0.0
AGGTGGGAAGAATG-1	Cluster 1	1.0
AGGTGGGAAGTTCG-1	Cluster 1	3.0
AGGTGTTGGTTACG-1	Cluster 4	1.0
AGGTTCGAACCTCC-1	Cluster 2	0.0
AGGTTCGAACGTAC-1	Cluster 2	0.0
AGGTTCGAGGGTGA-1	Cluster 5	0.0
AGTAAGGAGTTTGG-1	Cluster 1	2.0
AGTAAGGATTCTTG-1	Cluster 8	2.0
AGTAATACATCACG-1	Cluster 7	1.0
AGTAATACCGAACT-1	Cluster 4	0.0
AGTAATTGTCCCAC-1	Cluster 8	3.0
AGTACGTGAGGGTG-1	Cluster 8	1.0
AGTACGTGCTGCAA-1	Cluster 8	3.0
AGTACGTGCTTGGA-1	Cluster 8	0.0
AGTACTCTACGTGT-1	Cluster 4	0.0
AGTACTCTCAACCA-1	Cluster 7	0.0
AGTACTCTCGGTAT-1	Cluster 8	2.0
AGTAGGCTTGCCTC-1	Cluster 6	0.0
AGTATAACTTGTCT-1	Cluster 6	0.0
AGTATCCTAGAACA-1	Cluster 1	2.0
AGTCACGATGAGCT-1	Cluster 7	1.0
AGTCAGACGAATAG-1	Cluster 8	1.0
AGTCAGACGCTTAG-1	Cluster 5	2.0
AGTCAGACTAGAGA-1	Cluster 8	1.0
AGTCAGACTGCACA-1	Cluster 1	3.0
AGTCCAGATATCTC-1	Cluster 8	0.0
AGTCCAGATTTCAC-1	Cluster 7	3.0
AGTCGAACCAACCA-1	Cluster 5	0.0
AGTCGCCTCCGTAA-1	Cluster 8	2.0
AGTCTACTAGGGTG-1	Cluster 2	0.0
AGTCTACTTGCATG-1	Cluster 6	0.0
AGTCTTACACCACA-1	Cluster 8	4.0
AGTCTTACTTCGCC-1	Cluster 7	3.0
AGTCTTACTTCGGA-1	Cluster 5	0.0
AGTGACTGCAACTG-1	Cluster 6	0.0
AGTGTTCTAACCTG-1	Cluster 8	4.0
AGTGTTCTATAAGG-1	Cluster 7	1.0
AGTGTTCTCACTTT-1	Cluster 2	0.0
AGTTAAACCACTTT-1	Cluster 8	0.0
AGTTATGAACAGTC-1	Cluster 2	0.0
AGTTATGACTGAGT-1	Cluster 8	3.0
AGTTATGAGTTCAG-1	Cluster 8	2.0
AGTTCTACCAGCTA-1	Cluster 2	0.0
AGTTCTTGAAGCCT-1	Cluster 5	0.0
AGTTGTCTACTACG-1	Cluster 8	4.0
AGTTTAGATGGTCA-1	Cluster 1	1.0
AGTTTCACGGTCTA-1	Cluster 7	4.0
AGTTTGCTACAGTC-1	Cluster 1	4.0
AGTTTGCTACTGGT-1	Cluster 7	0.0
AGTTTGCTCCAAGT-1	Cluster 8	1.0
ATAAACACAGTGCT-1	Cluster 4	0.0
ATAAACACCACCAA-1	Cluster 1	2.0
ATAACAACATGCTG-1	Cluster 2	0.0
ATAACAACGTCTAG-1	Cluster 8	1.0
ATAACAACTTTGTC-1	Cluster 1	3.0
ATAACATGTACTCT-1	Cluster 8	2.0
ATAACCCTGTTGGT-1	Cluster 7	1.0
ATAACCCTTGGTAC-1	Cluster 8	1.0
ATAAGTACGAATGA-1	Cluster 4	0.0
ATAAGTTGGTACGT-1	Cluster 2	0.0
ATAAGTTGTCTAGG-1	Cluster 1	2.0
ATAATCGAGCTGAT-1	Cluster 4	0.0
ATAATCGATGGTTG-1	Cluster 8	2.0
ATAATGACCTACTT-1	Cluster 1	0.0
ATAATGACTCGTGA-1	Cluster 2	0.0
ATACAATGTTAGGC-1	Cluster 1	1.0
ATACCACTCGTACA-1	Cluster 2	0.0
ATACCACTCTAAGC-1	Cluster 3	0.0
ATACCACTGCCAAT-1	Cluster 7	2.0
ATACCGGAATGCTG-1	Cluster 3	0.0
ATACCGGACATTTC-1	Cluster 2	0.0
ATACCGGACTTCGC-1	Cluster 8	0.0
ATACCGGAGGTGTT-1	Cluster 2	0.0
ATACCGGATCTCGC-1	Cluster 5	0.0
ATACCTACGCATCA-1	Cluster 8	0.0
ATACCTTGGGGCAA-1	Cluster 8	0.0
ATACGGACAGACTC-1	Cluster 2	0.0
ATACGGACCTACTT-1	Cluster 2	0.0
ATACGGACGAGGTG-1	Cluster 4	0.0
ATACGGACTATGCG-1	Cluster 4	0.0
ATACGGACTCTGGA-1	Cluster 2	0.0
ATACGTCTTAACGC-1	Cluster 2	0.0
ATACTCTGCTTCGC-1	Cluster 6	1.0
ATACTCTGGTATGC-1	Cluster 7	1.0
ATAGATACCATGGT-1	Cluster 8	0.0
ATAGATACGACGAG-1	Cluster 1	1.0
ATAGATTGGTGTAC-1	Cluster 4	0.0
ATAGCCGAACGGAG-1	Cluster 1	4.0
ATAGCGTGCAGATC-1	Cluster 8	1.0
ATAGCGTGCCCTTG-1	Cluster 2	0.0
ATAGCGTGGTATCG-1	Cluster 2	0.0
ATAGCGTGTCTCTA-1	Cluster 8	1.0
ATAGCTCTCTGATG-1	Cluster 5	1.0
ATAGCTCTGAGGTG-1	Cluster 1	2.0
ATAGGAGAAACAGA-1	Cluster 6	0.0
ATAGGCTGTCAGAC-1	Cluster 1	0.0
ATAGTCCTAGTGTC-1	Cluster 2	0.0
ATAGTCCTTGCATG-1	Cluster 8	0.0
ATAGTCCTTGTCGA-1	Cluster 1	1.0
ATAGTTGACAACTG-1	Cluster 8	3.0
ATAGTTGACCCTCA-1	Cluster 6	0.0
ATAGTTGAGACGTT-1	Cluster 8	0.0
ATAGTTGATAAGCC-1	Cluster 1	0.0
ATATACGAAGCCAT-1	Cluster 1	0.0
ATATACGAATTGGC-1	Cluster 1	4.0
ATATAGTGGAATGA-1	Cluster 2	0.0
ATATGCCTAGATCC-1	Cluster 2	0.0
ATATGCCTGGACAG-1	Cluster 1	2.0
ATATGCCTTCTCTA-1	Cluster 5	0.0
ATATGCCTTGGTAC-1	Cluster 1	1.0
ATCAAATGAGCCTA-1	Cluster 2	0.0
ATCAAATGGGTAAA-1	Cluster 6	0.0
ATCAACCTAAACGA-1	Cluster 8	1.0
ATCAACCTGAGGAC-1	Cluster 8	4.0
ATCAACCTTCTCTA-1	Cluster 8	0.0
ATCAACCTTTGTCT-1	Cluster 8	0.0
ATCACACTTTGTCT-1	Cluster 1	3.0
ATCACGGATTGCTT-1	Cluster 2	0.0
ATCACGGATTTCGT-1	Cluster 4	0.0
ATCATCTGACACCA-1	Cluster 5	0.0
ATCATGCTAGAGTA-1	Cluster 5	0.0
ATCATGCTGAACCT-1	Cluster 4	0.0
ATCCAGGACGCTAA-1	Cluster 6	0.0
ATCCAGGATGGAAA-1	Cluster 8	1.0
ATCCATACTCCTTA-1	Cluster 2	0.0
ATCCATACTTCATC-1	Cluster 6	0.0
ATCCCGTGCAGTCA-1	Cluster 7	1.0
ATCCCGTGCATGCA-1	Cluster 4	0.0
ATCCCGTGGCTGAT-1	Cluster 4	0.0
ATCCGCACGCATCA-1	Cluster 4	0.0
ATCCTAACGACGGA-1	Cluster 4	0.0
ATCCTAACGCTACA-1	Cluster 8	2.0
ATCGACGAAACTGC-1	Cluster 2	0.0
ATCGACGAATGACC-1	Cluster 1	1.0
ATCGAGTGGACGTT-1	Cluster 1	3.0
ATCGCAGAATCTCT-1	Cluster 6	0.0
ATCGCAGAGTGTCA-1	Cluster 4	0.0
ATCGCCACTGAGGG-1	Cluster 7	3.0
ATCGCCTGGGTCAT-1	Cluster 8	6.0
ATCGCCTGTGGCAT-1	Cluster 4	0.0
ATCGCGCTCAGAGG-1	Cluster 2	0.0
ATCGCGCTGGGATG-1	Cluster 8	0.0
ATCGCGCTTTTCGT-1	Cluster 4	0.0
ATCGGAACCAGTCA-1	Cluster 5	1.0
ATCGGTGAGTCAAC-1	Cluster 8	2.0
ATCGGTGATTGCAG-1	Cluster 8	2.0
ATCGTTTGCCTACC-1	Cluster 2	0.0
ATCGTTTGGGTACT-1	Cluster 2	0.0
ATCGTTTGTGCCAA-1	Cluster 2	0.0
ATCTACACCCGCTT-1	Cluster 2	0.0
ATCTACACCGGGAA-1	Cluster 8	4.0
ATCTCAACAGGAGC-1	Cluster 4	0.0
ATCTCAACCTCGAA-1	Cluster 5	0.0
ATCTCAACCTTGTT-1	Cluster 2	0.0
ATCTGGGAAACCAC-1	Cluster 2	0.0
ATCTGGGAAGTGTC-1	Cluster 2	0.0
ATCTGGGATTCCGC-1	Cluster 1	2.0
ATCTGTTGAACGGG-1	Cluster 8	1.0
ATCTGTTGACCTCC-1	Cluster 8	2.0
ATCTGTTGCCTTCG-1	Cluster 6	1.0
ATCTGTTGGTTGCA-1	Cluster 8	2.0
ATCTTGACACCAAC-1	Cluster 8	1.0
ATCTTGACCTCCCA-1	Cluster 2	0.0
ATCTTTCTGCATCA-1	Cluster 5	0.0
ATCTTTCTGTTTCT-1	Cluster 8	3.0
ATCTTTCTTGTCCC-1	Cluster 7	0.0
ATGAAACTCTGTGA-1	Cluster 1	1.0
ATGAAACTGAGGCA-1	Cluster 1	3.0
ATGAAGGAACAGCT-1	Cluster 7	0.0
ATGAAGGACCTGTC-1	Cluster 4	0.0
ATGAAGGACCTTAT-1	Cluster 4	0.0
ATGAAGGACTAGTG-1	Cluster 4	0.0
ATGAAGGACTTGCC-1	Cluster 7	0.0
ATGACGTGACGACT-1	Cluster 4	0.0
ATGACGTGATCGGT-1	Cluster 6	2.0
ATGAGAGAAAGTGA-1	Cluster 8	1.0
ATGAGAGAACGCAT-1	Cluster 8	3.0
ATGAGAGAAGTAGA-1	Cluster 4	0.0
ATGAGCACACAGCT-1	Cluster 8	2.0
ATGAGCACATCTTC-1	Cluster 1	2.0
ATGATAACTTCACT-1	Cluster 7	2.0
ATGATATGAAACAG-1	Cluster 1	7.0
ATGATATGACTGGT-1	Cluster 1	1.0
ATGATATGAGCACT-1	Cluster 1	2.0
ATGATATGGTCATG-1	Cluster 1	3.0
ATGATATGGTGCTA-1	Cluster 7	0.0
ATGATATGTTGTCT-1	Cluster 2	0.0
ATGCACGAATGTCG-1	Cluster 4	0.0
ATGCACGACTGTAG-1	Cluster 5	2.0
ATGCACGAGAACCT-1	Cluster 4	0.0
ATGCACGAGTTCGA-1	Cluster 8	2.0
ATGCACGATTGGTG-1	Cluster 6	0.0
ATGCAGTGTTACCT-1	Cluster 4	0.0
ATGCAGTGTTCTAC-1	Cluster 8	1.0
ATGCCAGAACGACT-1	Cluster 8	0.0
ATGCCAGACAGTCA-1	Cluster 2	1.0
ATGCCGCTTGAACC-1	Cluster 2	0.0
ATGCGATGCTATGG-1	Cluster 2	0.0
ATGCGATGCTGAGT-1	Cluster 1	1.0
ATGCGATGGTTACG-1	Cluster 4	0.0
ATGCGCCTTCATTC-1	Cluster 1	0.0
ATGCTTTGCGAATC-1	Cluster 1	2.0
ATGCTTTGGGCGAA-1	Cluster 5	3.0
ATGCTTTGTAGTCG-1	Cluster 4	0.0
ATGGACACATCGGT-1	Cluster 8	2.0
ATGGACACGCATCA-1	Cluster 5	0.0
ATGGGTACAACCTG-1	Cluster 4	0.0
ATGGGTACATCGGT-1	Cluster 7	1.0
ATGGGTACTATTCC-1	Cluster 8	1.0
ATGGGTACTGGGAG-1	Cluster 8	3.0
ATGTAAACACCTCC-1	Cluster 1	2.0
ATGTAAACCCGCTT-1	Cluster 8	3.0
ATGTAAACGGGATG-1	Cluster 3	0.0
ATGTAAACTCTCCG-1	Cluster 8	4.0
ATGTAAACTTCACT-1	Cluster 2	0.0
ATGTACCTCAGTCA-1	Cluster 8	0.0
ATGTACCTTAGTCG-1	Cluster 8	1.0
ATGTACCTTTATCC-1	Cluster 2	0.0
ATGTACCTTTCACT-1	Cluster 7	1.0
ATGTCACTAATGCC-1	Cluster 2	0.0
ATGTCACTCTGCTC-1	Cluster 5	0.0
ATGTCGGAGGTGAG-1	Cluster 8	4.0
ATGTTCACAGTCTG-1	Cluster 2	0.0
ATGTTCACCGTAGT-1	Cluster 8	2.0
ATGTTGCTTTCAGG-1	Cluster 8	2.0
ATTAACGATGAGAA-1	Cluster 7	2.0
ATTAACGATGCAAC-1	Cluster 7	2.0
ATTAAGACTGCAGT-1	Cluster 8	4.0
ATTACCTGCCTTAT-1	Cluster 2	0.0
ATTACCTGGAGGAC-1	Cluster 6	0.0
ATTACCTGGGCATT-1	Cluster 4	0.0
ATTAGATGTTTCAC-1	Cluster 8	0.0
ATTATGGAATCTCT-1	Cluster 8	2.0
ATTCAAGAACGGGA-1	Cluster 1	6.0
ATTCAAGACCTTTA-1	Cluster 8	1.0
ATTCAGCTCATTGG-1	Cluster 5	0.0
ATTCCAACCATTGG-1	Cluster 2	0.0
ATTCCAACTTAGGC-1	Cluster 7	1.0
ATTCGACTCACTAG-1	Cluster 8	1.0
ATTCGACTGAATAG-1	Cluster 2	0.0
ATTCGACTTTTGTC-1	Cluster 6	0.0
ATTCGGGAAAGGCG-1	Cluster 2	0.0
ATTCGGGATTAGGC-1	Cluster 8	9.0
ATTCTTCTGATACC-1	Cluster 1	1.0
ATTGAATGGACGGA-1	Cluster 8	1.0
ATTGATGAAGGTTC-1	Cluster 1	4.0
ATTGATGACTGAGT-1	Cluster 8	1.0
ATTGATGAGCGAAG-1	Cluster 1	1.0
ATTGATGATCTATC-1	Cluster 8	2.0
ATTGCACTGACGGA-1	Cluster 1	2.0
ATTGCACTGAGAGC-1	Cluster 2	1.0
ATTGCACTGGAGCA-1	Cluster 2	0.0
ATTGCACTTAGCCA-1	Cluster 8	4.0
ATTGCACTTGCTTT-1	Cluster 6	0.0
ATTGCTTGTTACTC-1	Cluster 4	0.0
ATTGGTCTGACTAC-1	Cluster 4	0.0
ATTGGTCTTGTCTT-1	Cluster 4	0.0
ATTGTAGATTCCCG-1	Cluster 3	0.0
ATTGTAGATTGCAG-1	Cluster 1	2.0
ATTGTCTGCGTACA-1	Cluster 8	2.0
ATTTAGGAACCATG-1	Cluster 6	0.0
ATTTAGGACAGAGG-1	Cluster 8	0.0
ATTTCCGAGATGAA-1	Cluster 1	2.0
ATTTCCGAGTGCTA-1	Cluster 8	1.0
ATTTCGTGTATGGC-1	Cluster 7	4.0
ATTTCTCTACTTTC-1	Cluster 6	0.0
ATTTCTCTAGCAAA-1	Cluster 1	3.0
ATTTCTCTCACTTT-1	Cluster 6	0.0
ATTTCTCTTCCCAC-1	Cluster 8	0.0
ATTTGCACAAGATG-1	Cluster 2	0.0
CAAAGCACAGCTCA-1	Cluster 8	0.0
CAAAGCACCGTAAC-1	Cluster 4	0.0
CAAAGCACGGTAAA-1	Cluster 7	2.0
CAAAGCTGAAAGTG-1	Cluster 5	0.0
CAAAGCTGTTGCTT-1	Cluster 2	0.0
CAAATATGTGACAC-1	Cluster 8	2.0
CAAATTGAGGGCAA-1	Cluster 8	0.0
CAAATTGATGGAGG-1	Cluster 2	0.0
CAACCAGAAAAGTG-1	Cluster 1	4.0
CAACCAGAAGTGCT-1	Cluster 1	6.0
CAACCAGAGTTCAG-1	Cluster 2	0.0
CAACCAGATAGAAG-1	Cluster 2	0.0
CAACCGCTGTTCAG-1	Cluster 1	3.0
CAACCGCTTTGAGC-1	Cluster 8	0.0
CAACGATGCGCAAT-1	Cluster 6	0.0
CAACGTGACTCCAC-1	Cluster 2	0.0
CAACGTGAGCCATA-1	Cluster 7	0.0
CAACGTGATCAAGC-1	Cluster 6	0.0
CAAGAAGACCACAA-1	Cluster 1	3.0
CAAGAAGACGTCTC-1	Cluster 2	0.0
CAAGAAGATTCTAC-1	Cluster 1	0.0
CAAGACTGACCTGA-1	Cluster 4	0.0
CAAGACTGAGTAGA-1	Cluster 4	0.0
CAAGCTGACCATAG-1	Cluster 6	0.0
CAAGCTGATCTATC-1	Cluster 7	4.0
CAAGGACTGTTCAG-1	Cluster 1	3.0
CAAGGACTTCTTTG-1	Cluster 7	0.0
CAAGGTTGCTCCAC-1	Cluster 8	1.0
CAAGGTTGTCATTC-1	Cluster 4	0.0
CAAGGTTGTCTGGA-1	Cluster 7	0.0
CAAGTCGAAACAGA-1	Cluster 4	0.0
CAAGTCGATAGCGT-1	Cluster 2	1.0
CAATAAACGCCATA-1	Cluster 2	0.0
CAATAATGAACTGC-1	Cluster 2	0.0
CAATATGACATGGT-1	Cluster 8	4.0
CAATATGACCTTCG-1	Cluster 7	1.0
CAATATGACGTTAG-1	Cluster 8	2.0
CAATATGAGGAGCA-1	Cluster 8	2.0
CAATCGGAGAAACA-1	Cluster 8	4.0
CAATCTACTGACTG-1	Cluster 7	4.0
CAATTCACCCAACA-1	Cluster 1	1.0
CAATTCACGATAGA-1	Cluster 8	3.0
CAATTCACTTGTGG-1	Cluster 7	0.0
CAATTCTGCTTGTT-1	Cluster 2	0.0
CAATTCTGGCGTAT-1	Cluster 2	0.0
CACAACGATACGAC-1	Cluster 1	3.0
CACAATCTTGTTCT-1	Cluster 8	2.0
CACAATCTTTCCAT-1	Cluster 8	4.0
CACACCTGCTTGAG-1	Cluster 8	2.0
CACACCTGTATGGC-1	Cluster 8	0.0
CACAGAACCCTTGC-1	Cluster 7	1.0
CACAGAACCTGATG-1	Cluster 8	2.0
CACAGATGGGATTC-1	Cluster 1	3.0
CACAGATGGTTTCT-1	Cluster 2	0.0
CACAGCCTGATACC-1	Cluster 8	3.0
CACAGCCTTGCCAA-1	Cluster 2	0.0
CACAGCCTTGTAGC-1	Cluster 1	2.0
CACAGTGATGAAGA-1	Cluster 2	0.0
CACATACTACAGCT-1	Cluster 7	0.0
CACATGGAACACGT-1	Cluster 8	3.0
CACATGGAAGTCGT-1	Cluster 1	0.0
CACCACTGCCAACA-1	Cluster 1	1.0
CACCACTGGCGAAG-1	Cluster 7	1.0
CACCCATGTTCTGT-1	Cluster 7	0.0
CACCGGGAATCGAC-1	Cluster 8	1.0
CACCGGGACGAGAG-1	Cluster 1	4.0
CACCGGGACGTGTA-1	Cluster 8	4.0
CACCGGGACTTCTA-1	Cluster 8	3.0
CACCGGGACTTGCC-1	Cluster 7	1.0
CACCGGGATTCGGA-1	Cluster 1	2.0
CACCGTACTAAGGA-1	Cluster 4	0.0
CACCGTACTAGCGT-1	Cluster 1	2.0
CACCTGACACCCAA-1	Cluster 1	1.0
CACCTGACCAGAAA-1	Cluster 8	4.0
CACCTGACCTCAAG-1	Cluster 7	1.0
CACCTGACGAAAGT-1	Cluster 8	0.0
CACCTGACTCGTAG-1	Cluster 1	1.0
CACGAAACTTCCGC-1	Cluster 4	0.0
CACGACCTCGATAC-1	Cluster 4	0.0
CACGCTACAGAAGT-1	Cluster 5	0.0
CACGCTACTGTTCT-1	Cluster 4	0.0
CACGCTACTTGACG-1	Cluster 2	0.0
CACGGGACAGAGTA-1	Cluster 1	4.0
CACGGGACATAAGG-1	Cluster 1	2.0
CACGGGACGTAGGG-1	Cluster 1	3.0
CACGGGTGCTTCGC-1	Cluster 7	0.0
CACGGGTGGAGGAC-1	Cluster 7	2.0
CACGGGTGTGTTTC-1	Cluster 5	0.0
CACTAACTCCTAAG-1	Cluster 4	0.0
CACTAACTGAAAGT-1	Cluster 8	1.0
CACTAGGATGATGC-1	Cluster 4	0.0
CACTATACCCCGTT-1	Cluster 4	0.0
CACTATACGTTTGG-1	Cluster 7	0.0
CACTGAGACAGTCA-1	Cluster 2	0.0
CACTGCACTTCATC-1	Cluster 8	3.0
CACTGCTGAGACTC-1	Cluster 2	1.0
CACTGCTGGAAAGT-1	Cluster 8	0.0
CACTTAACCGAATC-1	Cluster 8	2.0
CACTTAACCGTACA-1	Cluster 4	0.0
CACTTTGACTCTAT-1	Cluster 7	0.0
CACTTTGAGCTGTA-1	Cluster 5	1.0
CAGAAGCTCTCAAG-1	Cluster 8	2.0
CAGACATGAACGGG-1	Cluster 8	1.0
CAGACATGTCGACA-1	Cluster 1	0.0
CAGACCCTAAGGTA-1	Cluster 6	0.0
CAGACCCTAATGCC-1	Cluster 1	3.0
CAGACCCTAGGAGC-1	Cluster 8	2.0
CAGACTGAGTATGC-1	Cluster 8	1.0
CAGATCGAATGTCG-1	Cluster 4	0.0
CAGATCGACCTGAA-1	Cluster 5	0.0
CAGATCGATATGGC-1	Cluster 8	2.0
CAGATGACATTCTC-1	Cluster 7	0.0
CAGCAATGCCTTCG-1	Cluster 8	1.0
CAGCAATGGAGGGT-1	Cluster 7	0.0
CAGCAATGGTGCTA-1	Cluster 1	0.0
CAGCAATGTCTACT-1	Cluster 2	1.0
CAGCAATGTGACCA-1	Cluster 8	2.0
CAGCAATGTGAGGG-1	Cluster 2	1.0
CAGCACCTAAGCCT-1	Cluster 8	3.0
CAGCACCTAGGCGA-1	Cluster 7	3.0
CAGCACCTGTAGGG-1	Cluster 2	0.0
CAGCATGACAACCA-1	Cluster 2	2.0
CAGCATGAGACGTT-1	Cluster 8	1.0
CAGCCTACCCAACA-1	Cluster 8	1.0
CAGCCTTGCTACCC-1	Cluster 2	1.0
CAGCCTTGGGGACA-1	Cluster 8	2.0
CAGCGGACACCCTC-1	Cluster 8	2.0
CAGCGGACCTTTAC-1	Cluster 7	0.0
CAGCGTCTAAAGCA-1	Cluster 8	2.0
CAGCGTCTTATCGG-1	Cluster 8	2.0
CAGCTAGATGTGAC-1	Cluster 2	0.0
CAGCTCTGAGGCGA-1	Cluster 8	1.0
CAGCTCTGCAAGCT-1	Cluster 7	0.0
CAGCTCTGTCGTAG-1	Cluster 2	0.0
CAGCTCTGTGTGGT-1	Cluster 7	0.0
CAGGAACTAACTGC-1	Cluster 8	2.0
CAGGAACTCTCAGA-1	Cluster 2	0.0
CAGGCCGAACACCA-1	Cluster 1	1.0
CAGGCCGAACACGT-1	Cluster 8	2.0
CAGGCCGAACGACT-1	Cluster 5	0.0
CAGGCCGAATCTCT-1	Cluster 6	0.0
CAGGCCGACTAGCA-1	Cluster 4	0.0
CAGGGCACCATACG-1	Cluster 4	0.0
CAGGGCACCCAACA-1	Cluster 1	2.0
CAGGGCACTCCCGT-1	Cluster 8	3.0
CAGGTAACAGACTC-1	Cluster 6	0.0
CAGGTATGAGTCGT-1	Cluster 8	1.0
CAGGTATGTGCTTT-1	Cluster 8	1.0
CAGGTTGAGGATCT-1	Cluster 8	0.0
CAGTGATGGACGGA-1	Cluster 4	0.0
CAGTGATGGCTAAC-1	Cluster 7	0.0
CAGTGATGGGACAG-1	Cluster 8	5.0
CAGTGATGTAAGGA-1	Cluster 4	0.0
CAGTGATGTACGCA-1	Cluster 5	0.0
CAGTGTGAACACGT-1	Cluster 7	0.0
CAGTGTGATGTCAG-1	Cluster 1	3.0
CAGTTACTAAGGTA-1	Cluster 4	0.0
CAGTTACTGATAGA-1	Cluster 8	3.0
CAGTTGGAAAGAGT-1	Cluster 6	0.0
CAGTTGGACATACG-1	Cluster 1	0.0
CAGTTTACACACGT-1	Cluster 8	0.0
CAGTTTACCCCAAA-1	Cluster 1	4.0
CATAAAACGGAGCA-1	Cluster 2	0.0
CATAAATGAACTGC-1	Cluster 1	2.0
CATAACCTTCTCCG-1	Cluster 8	2.0
CATACTACCTCGAA-1	Cluster 8	1.0
CATACTACCTGAAC-1	Cluster 1	4.0
CATACTACGTACCA-1	Cluster 2	0.0
CATACTTGGGTTAC-1	Cluster 6	0.0
CATAGTCTAATCGC-1	Cluster 8	2.0
CATAGTCTCACTTT-1	Cluster 1	4.0
CATATAGACTAAGC-1	Cluster 2	0.0
CATATAGATCAGGT-1	Cluster 4	0.0
CATCAACTAGAAGT-1	Cluster 8	3.0
CATCAACTCCCTCA-1	Cluster 1	2.0
CATCAGGACTTCCG-1	Cluster 7	4.0
CATCAGGATAGCCA-1	Cluster 7	0.0
CATCAGGATCCTAT-1	Cluster 6	0.0
CATCAGGATGCACA-1	Cluster 6	0.0
CATCAGGATTTCGT-1	Cluster 2	0.0
CATCATACCGCATA-1	Cluster 2	0.0
CATCATACGGAGCA-1	Cluster 4	1.0
CATCATACTCAAGC-1	Cluster 1	2.0
CATCGCTGGGATCT-1	Cluster 8	0.0
CATCGCTGTGGCAT-1	Cluster 4	0.0
CATCGGCTATGCTG-1	Cluster 8	1.0
CATCGGCTTTGGCA-1	Cluster 8	2.0
CATCTCCTATGTGC-1	Cluster 4	0.0
CATCTCCTCGAACT-1	Cluster 2	0.0
CATGAGACACGGGA-1	Cluster 4	0.0
CATGAGACGTTGAC-1	Cluster 7	0.0
CATGAGACTCGCCT-1	Cluster 5	1.0
CATGCCACGGGTGA-1	Cluster 1	1.0
CATGCCACTGCCAA-1	Cluster 8	1.0
CATGCGCTAGTCAC-1	Cluster 6	0.0
CATGCGCTCAGATC-1	Cluster 2	0.0
CATGCGCTTTGCAG-1	Cluster 6	1.0
CATGGCCTAGGGTG-1	Cluster 2	1.0
CATGGCCTGTGCAT-1	Cluster 1	2.0
CATGTACTATCGTG-1	Cluster 7	1.0
CATGTTACAGTCGT-1	Cluster 1	2.0
CATGTTACCTGAGT-1	Cluster 1	1.0
CATGTTTGGGGATG-1	Cluster 2	0.0
CATTACACACGGAG-1	Cluster 4	0.0
CATTACACCAACTG-1	Cluster 7	0.0
CATTACACGGAGTG-1	Cluster 1	1.0
CATTACACTACTCT-1	Cluster 1	0.0
CATTAGCTCCACAA-1	Cluster 2	0.0
CATTGACTAGCGGA-1	Cluster 2	0.0
CATTGGGACTCGAA-1	Cluster 5	1.0
CATTGTACAGCGTT-1	Cluster 8	1.0
CATTGTACTCGATG-1	Cluster 4	0.0
CATTGTACTTATCC-1	Cluster 8	1.0
CATTGTACTTTGCT-1	Cluster 6	0.0
CATTGTTGCTAGTG-1	Cluster 8	0.0
CATTTCGACTCTAT-1	Cluster 5	18.0
CATTTCGAGATACC-1	Cluster 7	0.0
CATTTGACCACACA-1	Cluster 5	4.0
CATTTGACCCTGAA-1	Cluster 5	3.0
CATTTGTGACGACT-1	Cluster 4	0.0
CATTTGTGCATTGG-1	Cluster 1	3.0
CATTTGTGCGGAGA-1	Cluster 1	1.0
CATTTGTGGGATCT-1	Cluster 4	0.0
CCAAAGTGCTACGA-1	Cluster 2	0.0
CCAAAGTGTGAGAA-1	Cluster 2	0.0
CCAACCTGAAGTAG-1	Cluster 7	4.0
CCAACCTGACGTAC-1	Cluster 2	0.0
CCAACCTGTTCGCC-1	Cluster 2	2.0
CCAAGAACCCAATG-1	Cluster 8	1.0
CCAAGAACGTAGCT-1	Cluster 1	2.0
CCAAGAACGTGTCA-1	Cluster 8	3.0
CCAAGAACTACTGG-1	Cluster 7	1.0
CCAAGAACTCCTAT-1	Cluster 4	0.0
CCAAGATGTCATTC-1	Cluster 8	1.0
CCAAGATGTTTCAC-1	Cluster 1	2.0
CCAAGTGAGGAACG-1	Cluster 8	3.0
CCAAGTGATCAAGC-1	Cluster 1	2.0
CCAATGGAACAGCT-1	Cluster 2	0.0
CCAATTTGAACGTC-1	Cluster 2	0.0
CCACCATGAACGTC-1	Cluster 1	1.0
CCACCATGATCGGT-1	Cluster 1	0.0
CCACCATGGACGAG-1	Cluster 6	0.0
CCACCATGGGGAGT-1	Cluster 8	0.0
CCACCATGTCCTGC-1	Cluster 7	0.0
CCACTGACCCGCTT-1	Cluster 2	0.0
CCACTGTGGGAAGC-1	Cluster 2	0.0
CCACTGTGTGTAGC-1	Cluster 8	1.0
CCACTTCTCGGGAA-1	Cluster 2	0.0
CCAGAAACCCTGTC-1	Cluster 4	0.0
CCAGAAACGAACTC-1	Cluster 8	2.0
CCAGAAACGGTCTA-1	Cluster 1	0.0
CCAGACCTCTGAGT-1	Cluster 2	0.0
CCAGACCTTGTGGT-1	Cluster 5	0.0
CCAGCACTGCGATT-1	Cluster 6	0.0
CCAGCGGAAAGGCG-1	Cluster 2	0.0
CCAGCGGACGACTA-1	Cluster 2	0.0
CCAGCGGATGGGAG-1	Cluster 8	3.0
CCAGCTACACAGTC-1	Cluster 8	3.0
CCAGCTACCAGCTA-1	Cluster 4	0.0
CCAGGTCTACACCA-1	Cluster 4	0.0
CCAGGTCTAGCATC-1	Cluster 2	1.0
CCAGGTCTATGGTC-1	Cluster 8	1.0
CCAGTCACACTGGT-1	Cluster 2	0.0
CCAGTCACACTGTG-1	Cluster 4	0.0
CCAGTCACGTTGTG-1	Cluster 8	3.0
CCAGTCTGCGGAGA-1	Cluster 8	2.0
CCAGTGCTAACCAC-1	Cluster 8	5.0
CCAGTGCTCGTAGT-1	Cluster 8	2.0
CCATCCGAAAGCAA-1	Cluster 8	2.0
CCATCCGAACGACT-1	Cluster 8	2.0
CCATCCGAAGGTTC-1	Cluster 4	1.0
CCATCCGATTCGCC-1	Cluster 2	0.0
CCATCGTGAACGGG-1	Cluster 8	1.0
CCATCGTGCTAGAC-1	Cluster 2	0.0
CCCAACACCTCGCT-1	Cluster 4	0.0
CCCAACACGCATCA-1	Cluster 8	2.0
CCCAACACTTTGTC-1	Cluster 2	0.0
CCCAACTGCAATCG-1	Cluster 2	0.0
CCCAGACTGCCTTC-1	Cluster 2	0.0
CCCAGACTGGTTTG-1	Cluster 4	0.0
CCCAGACTTTCGCC-1	Cluster 6	0.0
CCCAGTTGCAGTTG-1	Cluster 6	0.0
CCCAGTTGGGTACT-1	Cluster 8	0.0
CCCAGTTGTCTATC-1	Cluster 4	0.0
CCCGATTGTGTTTC-1	Cluster 1	2.0
CCCGGAGAAGGGTG-1	Cluster 2	0.0
CCCTACGAATTGGC-1	Cluster 2	2.0
CCCTAGTGCAAAGA-1	Cluster 8	4.0
CCCTCAGACACTTT-1	Cluster 4	0.0
CCCTCAGACGAGAG-1	Cluster 1	1.0
CCCTCAGAGGTCAT-1	Cluster 1	1.0
CCCTGAACTAAAGG-1	Cluster 4	0.0
CCCTGATGCAACCA-1	Cluster 8	1.0
CCCTGATGCAAGCT-1	Cluster 4	0.0
CCCTTACTAACCAC-1	Cluster 2	0.0
CCCTTACTGCAGTT-1	Cluster 5	1.0
CCGAAAACCTTGTT-1	Cluster 6	0.0
CCGACACTGGTTTG-1	Cluster 1	0.0
CCGACTACCCAGTA-1	Cluster 2	0.0
CCGACTACCGTGTA-1	Cluster 7	0.0
CCGACTACTGAGGG-1	Cluster 1	2.0
CCGATAGACCTAAG-1	Cluster 8	3.0
CCGATAGAGTTGGT-1	Cluster 2	0.0
CCGCGAGACACACA-1	Cluster 2	0.0
CCGCGAGAGGTTCA-1	Cluster 7	3.0
CCGCTATGGGACGA-1	Cluster 4	1.0
CCGCTATGTGCAAC-1	Cluster 2	0.0
CCGCTATGTGCACA-1	Cluster 2	0.0
CCGGTACTGTCCTC-1	Cluster 8	4.0
CCGTACACAAGCAA-1	Cluster 8	0.0
CCGTACACAGCGTT-1	Cluster 4	0.0
CCGTACACGTCATG-1	Cluster 7	1.0
CCGTACACGTTGGT-1	Cluster 2	0.0
CCGTACACTAACGC-1	Cluster 8	4.0
CCTAAACTTTCGTT-1	Cluster 1	1.0
CCTAAGGACCCAAA-1	Cluster 8	1.0
CCTAAGGACTAGCA-1	Cluster 2	0.0
CCTAAGGAGGGCAA-1	Cluster 5	0.0
CCTAAGGATGATGC-1	Cluster 8	1.0
CCTAAGGATGTCAG-1	Cluster 1	0.0
CCTACCGACTCTTA-1	Cluster 8	3.0
CCTACCGAGGGATG-1	Cluster 4	0.0
CCTAGAGAGGTGAG-1	Cluster 4	0.0
CCTATAACCAAAGA-1	Cluster 1	2.0
CCTATAACGAGACG-1	Cluster 2	0.0
CCTATAACTCAGAC-1	Cluster 1	1.0
CCTATAACTGCATG-1	Cluster 6	1.0
CCTCGAACACTTTC-1	Cluster 7	0.0
CCTCGAACCCGTAA-1	Cluster 2	0.0
CCTCGAACGTATCG-1	Cluster 8	1.0
CCTCGAACTTACTC-1	Cluster 8	2.0
CCTCTACTCTTCGC-1	Cluster 2	3.0
CCTCTACTGGCATT-1	Cluster 1	0.0
CCTGACTGAAGTAG-1	Cluster 7	0.0
CCTGACTGGGGAGT-1	Cluster 1	2.0
CCTGACTGTGTCTT-1	Cluster 4	0.0
CCTGCAACACGTTG-1	Cluster 2	1.0
CCTGGACTCGTGAT-1	Cluster 5	0.0
CCTTAATGCCCAAA-1	Cluster 4	0.0
CCTTAATGTTCTAC-1	Cluster 6	0.0
CCTTCACTACGACT-1	Cluster 8	0.0
CCTTCACTCAGTCA-1	Cluster 4	0.0
CCTTCACTGGAGTG-1	Cluster 2	0.0
CCTTTAGATTCATC-1	Cluster 2	0.0
CGAACATGCCCTAC-1	Cluster 2	0.0
CGAACATGTCAGAC-1	Cluster 8	1.0
CGAAGACTGGAACG-1	Cluster 1	1.0
CGAAGACTGTTACG-1	Cluster 8	0.0
CGAAGGGAAACCTG-1	Cluster 7	1.0
CGAAGGGATCCGAA-1	Cluster 4	0.0
CGAAGTACCAACTG-1	Cluster 4	0.0
CGAATCGAGGAGCA-1	Cluster 2	0.0
CGAATCGAGGAGGT-1	Cluster 1	3.0
CGACAAACCCATAG-1	Cluster 8	2.0
CGACAAACCGACAT-1	Cluster 4	0.0
CGACCACTAAAGTG-1	Cluster 7	2.0
CGACCACTGCCAAT-1	Cluster 7	0.0
CGACCGGAAGGTCT-1	Cluster 8	2.0
CGACCGGATGGAAA-1	Cluster 8	1.0
CGACCTTGCTAGTG-1	Cluster 8	3.0
CGACCTTGGCAAGG-1	Cluster 7	0.0
CGACGTCTATCGTG-1	Cluster 8	2.0
CGACGTCTCGTGTA-1	Cluster 8	2.0
CGACGTCTGAGGCA-1	Cluster 5	1.0
CGACTCACGTCGTA-1	Cluster 8	2.0
CGACTCACGTTGCA-1	Cluster 5	0.0
CGACTCTGTGTGAC-1	Cluster 8	3.0
CGACTGCTTCCTCG-1	Cluster 2	0.0
CGAGAACTAAGGCG-1	Cluster 7	6.0
CGAGAACTACGTTG-1	Cluster 8	0.0
CGAGAACTTGTTCT-1	Cluster 2	0.0
CGAGATTGGACACT-1	Cluster 7	2.0
CGAGATTGGCCATA-1	Cluster 1	0.0
CGAGCCGAACACCA-1	Cluster 8	0.0
CGAGCCGACGACAT-1	Cluster 7	1.0
CGAGCCGAGGCGAA-1	Cluster 8	1.0
CGAGCGTGCTCCAC-1	Cluster 8	1.0
CGAGCGTGGATACC-1	Cluster 8	7.0
CGAGCGTGTATGCG-1	Cluster 2	0.0
CGAGGAGACCTCCA-1	Cluster 4	0.0
CGAGGAGATGTCGA-1	Cluster 7	0.0
CGAGGCACCTATGG-1	Cluster 7	1.0
CGAGGCACTATGCG-1	Cluster 2	0.0
CGAGGCACTCTTCA-1	Cluster 7	3.0
CGAGGCTGACGCTA-1	Cluster 7	0.0
CGAGGCTGGCAGTT-1	Cluster 6	0.0
CGAGGGCTACGACT-1	Cluster 4	0.0
CGAGGGCTCGAATC-1	Cluster 5	1.0
CGAGTATGTCACCC-1	Cluster 6	1.0
CGATACGAACAGTC-1	Cluster 2	0.0
CGATACGACAGGAG-1	Cluster 8	1.0
CGATACGATTCACT-1	Cluster 4	0.0
CGATAGACCCGTAA-1	Cluster 2	0.0
CGATAGACCGTACA-1	Cluster 8	1.0
CGATAGACGTAGGG-1	Cluster 2	0.0
CGATAGACTGTTCT-1	Cluster 5	1.0
CGATCAGAAGAACA-1	Cluster 7	3.0
CGATCAGAGAGGGT-1	Cluster 1	2.0
CGATCAGAGGTACT-1	Cluster 8	3.0
CGATCAGATGTGAC-1	Cluster 3	0.0
CGATCCACCGGGAA-1	Cluster 7	23.0
CGATCCACTTCCAT-1	Cluster 4	0.0
CGCAAATGCTCGAA-1	Cluster 7	1.0
CGCAACCTCCTTGC-1	Cluster 8	0.0
CGCAACCTGGACGA-1	Cluster 8	4.0
CGCACGGAGGACGA-1	Cluster 4	0.0
CGCACGGATCTTTG-1	Cluster 1	2.0
CGCACTACAGAATG-1	Cluster 8	3.0
CGCACTACAGCCAT-1	Cluster 8	5.0
CGCACTACATTGGC-1	Cluster 1	4.0
CGCACTACTCGCCT-1	Cluster 4	0.0
CGCACTACTCGTGA-1	Cluster 7	1.0
CGCACTTGTCACGA-1	Cluster 2	1.0
CGCAGGACAGATCC-1	Cluster 7	1.0
CGCAGGACCTACTT-1	Cluster 5	0.0
CGCAGGACTTGTCT-1	Cluster 6	0.0
CGCAGGTGCACTGA-1	Cluster 1	1.0
CGCAGGTGCCATAG-1	Cluster 6	0.0
CGCAGGTGGGAACG-1	Cluster 8	1.0
CGCATAGATCACGA-1	Cluster 2	0.0
CGCCATACTGCAAC-1	Cluster 8	2.0
CGCCATTGAGAGGC-1	Cluster 1	4.0
CGCCATTGCTATGG-1	Cluster 7	0.0
CGCCATTGGAGACG-1	Cluster 8	5.0
CGCCATTGGAGCAG-1	Cluster 4	0.0
CGCCATTGTACTGG-1	Cluster 4	0.0
CGCCGAGAGCTTAG-1	Cluster 7	0.0
CGCCTAACGAATGA-1	Cluster 2	0.0
CGCCTAACTGCTCC-1	Cluster 8	1.0
CGCGAGACACAGCT-1	Cluster 7	2.0
CGCGAGACAGGTCT-1	Cluster 4	0.0
CGCGAGACGCTACA-1	Cluster 8	2.0
CGCGATCTCAGTCA-1	Cluster 2	0.0
CGCGATCTGTTGAC-1	Cluster 2	1.0
CGCGATCTTTCTTG-1	Cluster 4	1.0
CGCGGATGGCCAAT-1	Cluster 8	0.0
CGCTAAGAATGTCG-1	Cluster 8	1.0
CGCTAAGACAACTG-1	Cluster 8	3.0
CGCTAAGACCCTTG-1	Cluster 8	2.0
CGCTACTGAACAGA-1	Cluster 2	0.0
CGCTACTGAGAACA-1	Cluster 1	3.0
CGCTACTGTGAGCT-1	Cluster 8	1.0
CGCTACTGTTCCCG-1	Cluster 5	0.0
CGCTCATGCATTTC-1	Cluster 2	0.0
CGGAATTGCACTAG-1	Cluster 7	1.0
CGGAATTGGTTTGG-1	Cluster 8	2.0
CGGAATTGTGGAGG-1	Cluster 8	2.0
CGGACCGATGCGTA-1	Cluster 7	1.0
CGGACCGATGGGAG-1	Cluster 7	1.0
CGGACTCTAAACAG-1	Cluster 4	0.0
CGGACTCTCCAATG-1	Cluster 8	2.0
CGGACTCTCCTCGT-1	Cluster 7	0.0
CGGAGGCTATTCCT-1	Cluster 5	0.0
CGGAGGCTTGGATC-1	Cluster 1	2.0
CGGATAACAACGAA-1	Cluster 2	0.0
CGGATAACAGCTCA-1	Cluster 8	0.0
CGGATAACTCAGTG-1	Cluster 2	0.0
CGGCACGAACTCAG-1	Cluster 8	1.0
CGGCACGAAGGGTG-1	Cluster 1	2.0
CGGCACGACTACGA-1	Cluster 2	0.0
CGGCATCTTAGAAG-1	Cluster 8	2.0
CGGCATCTTCGTAG-1	Cluster 2	0.0
CGGCCAGAAAGGTA-1	Cluster 8	3.0
CGGCCAGAGAGGCA-1	Cluster 7	2.0
CGGCGAACCAGTCA-1	Cluster 6	0.0
CGGCGAACGACAAA-1	Cluster 7	2.0
CGGCGAACGGTCTA-1	Cluster 8	1.0
CGGCGAACTACTTC-1	Cluster 7	1.0
CGGGACTGCGTGTA-1	Cluster 1	5.0
CGGGACTGGAATAG-1	Cluster 7	0.0
CGGGCATGACCCAA-1	Cluster 7	0.0
CGGGCATGTCTCTA-1	Cluster 7	0.0
CGGGCATGTTGTGG-1	Cluster 1	0.0
CGGTAAACTCGCAA-1	Cluster 8	0.0
CGGTCACTGTTTGG-1	Cluster 8	0.0
CGGTCACTTACTTC-1	Cluster 8	0.0
CGTAACGAATCAGC-1	Cluster 5	0.0
CGTAACGATCGCCT-1	Cluster 8	3.0
CGTACCACACACAC-1	Cluster 8	4.0
CGTACCACACGTTG-1	Cluster 8	3.0
CGTACCACCTCATT-1	Cluster 1	1.0
CGTACCACGCTACA-1	Cluster 5	0.0
CGTACCACGGAGCA-1	Cluster 1	1.0
CGTACCTGGACGAG-1	Cluster 7	0.0
CGTACCTGGCATCA-1	Cluster 7	3.0
CGTAGCCTCTCTCG-1	Cluster 2	0.0
CGTAGCCTGCGAAG-1	Cluster 8	2.0
CGTAGCCTGTATGC-1	Cluster 6	0.0
CGTCAAGAAAGGTA-1	Cluster 2	0.0
CGTCAAGAACGTGT-1	Cluster 8	5.0
CGTCAAGACAGAGG-1	Cluster 8	6.0
CGTCAAGACAGGAG-1	Cluster 7	1.0
CGTCCATGCTCTTA-1	Cluster 8	4.0
CGTCGACTTTCCGC-1	Cluster 7	1.0
CGTGATGACGCTAA-1	Cluster 5	0.0
CGTGATGAGGTTCA-1	Cluster 7	0.0
CGTGCACTTATGGC-1	Cluster 2	0.0
CGTGTAGAAAAACG-1	Cluster 8	2.0
CGTGTAGACGATAC-1	Cluster 7	3.0
CGTGTAGAGTTACG-1	Cluster 7	1.0
CGTGTAGAGTTCAG-1	Cluster 2	0.0
CGTGTAGATTCGGA-1	Cluster 7	2.0
CGTTAGGAAACCAC-1	Cluster 8	1.0
CGTTAGGATCATTC-1	Cluster 6	0.0
CGTTATACCCTGAA-1	Cluster 7	1.0
CGTTTAACTGGTCA-1	Cluster 8	3.0
CTAAACCTCTGACA-1	Cluster 7	0.0
CTAAACCTGTGCAT-1	Cluster 4	0.0
CTAACACTAACGTC-1	Cluster 8	2.0
CTAACACTAGTGCT-1	Cluster 2	0.0
CTAACGGAACCGAT-1	Cluster 7	0.0
CTAACGGATTTCTG-1	Cluster 8	1.0
CTAACTACGGCAAG-1	Cluster 8	0.0
CTAAGGACACCATG-1	Cluster 8	2.0
CTAAGGACCGTTAG-1	Cluster 8	1.0
CTAAGGACGCCATA-1	Cluster 2	0.0
CTAAGGTGCCTAAG-1	Cluster 4	0.0
CTAAGGTGTTGCAG-1	Cluster 1	3.0
CTAAGGTGTTTCTG-1	Cluster 5	2.0
CTAATAGAGCTATG-1	Cluster 5	0.0
CTAATGCTTGTGGT-1	Cluster 2	0.0
CTACAACTCCCGTT-1	Cluster 7	1.0
CTACCTCTCAACCA-1	Cluster 8	1.0
CTACGCACACCTAG-1	Cluster 6	0.0
CTACGCACTCTCCG-1	Cluster 8	1.0
CTACGCACTGGTCA-1	Cluster 7	1.0
CTACGGCTTTCTTG-1	Cluster 2	0.0
CTACTATGAACCAC-1	Cluster 2	0.0
CTACTATGATGTGC-1	Cluster 2	0.0
CTACTATGCTAAGC-1	Cluster 8	3.0
CTACTATGTAAAGG-1	Cluster 4	0.0
CTACTCCTATGTCG-1	Cluster 7	1.0
CTACTCCTGCCATA-1	Cluster 2	0.0
CTAGAGACACTTTC-1	Cluster 1	5.0
CTAGAGACAGCATC-1	Cluster 7	0.0
CTAGAGACTTTGGG-1	Cluster 6	0.0
CTAGATCTCTCTAT-1	Cluster 8	3.0
CTAGATCTTCGACA-1	Cluster 8	0.0
CTAGGATGAGCCTA-1	Cluster 4	0.0
CTAGGATGATCGTG-1	Cluster 1	0.0
CTAGGCCTCTCAGA-1	Cluster 8	2.0
CTAGGTGATGGTTG-1	Cluster 6	0.0
CTAGTTACCAGAGG-1	Cluster 8	0.0
CTAGTTACCGCATA-1	Cluster 8	0.0
CTAGTTACGAAACA-1	Cluster 7	0.0
CTAGTTTGAGTACC-1	Cluster 7	0.0
CTATAAGATCGTTT-1	Cluster 4	0.0
CTATACTGAGGTTC-1	Cluster 2	0.0
CTATACTGCCAGTA-1	Cluster 1	0.0
CTATACTGCGCTAA-1	Cluster 2	1.0
CTATACTGCTACGA-1	Cluster 7	0.0
CTATACTGTCTCAT-1	Cluster 7	0.0
CTATACTGTTCGTT-1	Cluster 8	0.0
CTATAGCTGTCACA-1	Cluster 1	25.0
CTATAGCTTCGCTC-1	Cluster 2	0.0
CTATAGCTTGCCTC-1	Cluster 2	0.0
CTATCAACGAACTC-1	Cluster 8	2.0
CTATCAACGCAGAG-1	Cluster 8	2.0
CTATCAACTTTGGG-1	Cluster 8	2.0
CTATCCCTCCACCT-1	Cluster 2	0.0
CTATGTACGAGAGC-1	Cluster 8	4.0
CTATGTACGCTTAG-1	Cluster 8	2.0
CTATGTACTGTTTC-1	Cluster 8	1.0
CTATGTTGAAAGCA-1	Cluster 8	1.0
CTATGTTGTCCTCG-1	Cluster 8	2.0
CTATGTTGTCTCGC-1	Cluster 8	3.0
CTATTGACAAACGA-1	Cluster 2	0.0
CTATTGACACTGGT-1	Cluster 6	1.0
CTATTGACGGTGAG-1	Cluster 6	0.0
CTATTGTGGCAAGG-1	Cluster 8	2.0
CTCAATTGGTTCAG-1	Cluster 8	1.0
CTCAATTGGTTGCA-1	Cluster 2	0.0
CTCAGAGATAGAAG-1	Cluster 1	2.0
CTCAGCACTCTAGG-1	Cluster 1	1.0
CTCAGCACTGAACC-1	Cluster 2	0.0
CTCAGCACTTGCAG-1	Cluster 8	0.0
CTCAGCTGAACCTG-1	Cluster 2	1.0
CTCAGCTGCAGTTG-1	Cluster 7	1.0
CTCAGCTGTTTCTG-1	Cluster 8	5.0
CTCAGGCTCGTTGA-1	Cluster 6	2.0
CTCAGGCTGCTAAC-1	Cluster 5	0.0
CTCATTGACCTTAT-1	Cluster 8	3.0
CTCATTGATGCTTT-1	Cluster 6	0.0
CTCATTGATTGCTT-1	Cluster 7	0.0
CTCCACGAGAGATA-1	Cluster 3	0.0
CTCCATCTCTTAGG-1	Cluster 8	2.0
CTCCATCTGACGAG-1	Cluster 8	0.0
CTCCGAACAAGTGA-1	Cluster 2	0.0
CTCCTACTGCCTTC-1	Cluster 2	0.0
CTCGAAGATGTGGT-1	Cluster 8	2.0
CTCGAAGATTAGGC-1	Cluster 2	0.0
CTCGACTGCTCTAT-1	Cluster 5	0.0
CTCGACTGGGTGAG-1	Cluster 1	2.0
CTCGACTGGTTGAC-1	Cluster 7	2.0
CTCGAGCTCTGGAT-1	Cluster 7	0.0
CTCGCATGACTTTC-1	Cluster 8	3.0
CTCGCATGCTTAGG-1	Cluster 8	0.0
CTCTAAACCTCGAA-1	Cluster 1	1.0
CTCTAAACGGCGAA-1	Cluster 1	0.0
CTCTAATGTCCAAG-1	Cluster 2	0.0
CTGAACGACAGTCA-1	Cluster 8	2.0
CTGAACGATGAGGG-1	Cluster 1	1.0
CTGAAGACCCAACA-1	Cluster 8	5.0
CTGAAGACGTGCAT-1	Cluster 4	0.0
CTGAAGTGAAGCCT-1	Cluster 6	0.0
CTGAAGTGCAGCTA-1	Cluster 4	0.0
CTGAAGTGGCTATG-1	Cluster 1	3.0
CTGAAGTGTCCAGA-1	Cluster 8	1.0
CTGAATCTGAATAG-1	Cluster 1	2.0
CTGACAGAATCGTG-1	Cluster 7	1.0
CTGACCACAGCAAA-1	Cluster 8	0.0
CTGAGAACCGGGAA-1	Cluster 8	3.0
CTGAGAACGTAAAG-1	Cluster 7	0.0
CTGATACTAGTAGA-1	Cluster 1	7.0
CTGATTTGGTGTTG-1	Cluster 2	0.0
CTGCAGCTAACCGT-1	Cluster 8	2.0
CTGCAGCTGACACT-1	Cluster 1	2.0
CTGCAGCTGGATTC-1	Cluster 6	0.0
CTGCAGCTTGGCAT-1	Cluster 1	2.0
CTGCCAACAGGAGC-1	Cluster 1	1.0
CTGCCAACCAGCTA-1	Cluster 1	4.0
CTGCCAACTAACCG-1	Cluster 2	0.0
CTGCCAACTGCTCC-1	Cluster 7	0.0
CTGCCAACTTGCAG-1	Cluster 8	1.0
CTGCCAACTTGCTT-1	Cluster 7	1.0
CTGCGACTCCACCT-1	Cluster 5	0.0
CTGGAAACAAACGA-1	Cluster 7	0.0
CTGGAAACATCGAC-1	Cluster 1	0.0
CTGGATGACTGGAT-1	Cluster 7	0.0
CTGGATGACTTGTT-1	Cluster 8	0.0
CTGGATGATGTGAC-1	Cluster 4	0.0
CTGGCACTCAAGCT-1	Cluster 2	0.0
CTGGCACTGGACAG-1	Cluster 7	2.0
CTGTAACTAACCAC-1	Cluster 8	1.0
CTGTAACTAGCGTT-1	Cluster 8	3.0
CTGTATACGTAAAG-1	Cluster 5	2.0
CTGTATACGTACGT-1	Cluster 6	0.0
CTGTATACGTTGGT-1	Cluster 1	0.0
CTGTGAGACAACCA-1	Cluster 6	0.0
CTGTGAGACCTTGC-1	Cluster 7	0.0
CTGTGAGACGAACT-1	Cluster 2	0.0
CTGTGAGACTGTAG-1	Cluster 2	0.0
CTTAAAGAACCTGA-1	Cluster 1	2.0
CTTAACACCTGTAG-1	Cluster 5	0.0
CTTAACACGAGCTT-1	Cluster 8	1.0
CTTAACACTATCGG-1	Cluster 4	0.0
CTTAAGCTACCTAG-1	Cluster 1	1.0
CTTAAGCTAGTACC-1	Cluster 5	0.0
CTTAAGCTCATCAG-1	Cluster 8	0.0
CTTAAGCTCCGCTT-1	Cluster 4	0.0
CTTAAGCTTCCTCG-1	Cluster 7	1.0
CTTACAACTAACGC-1	Cluster 1	2.0
CTTACAACTCCCGT-1	Cluster 2	0.0
CTTACTGACGTACA-1	Cluster 8	2.0
CTTAGACTAAACGA-1	Cluster 8	0.0
CTTAGGGACTTGCC-1	Cluster 8	7.0
CTTAGGGAGAATCC-1	Cluster 8	0.0
CTTATCGACTCATT-1	Cluster 8	1.0
CTTCACCTACCTGA-1	Cluster 6	0.0
CTTCATGAAGCATC-1	Cluster 4	0.0
CTTCATGAAGTACC-1	Cluster 7	1.0
CTTCATGACCGAAT-1	Cluster 5	0.0
CTTGAACTACGCAT-1	Cluster 8	4.0
CTTGATTGAGGTTC-1	Cluster 7	1.0
CTTGATTGATCTTC-1	Cluster 2	0.0
CTTGATTGCATTCT-1	Cluster 8	2.0
CTTGATTGTTTCGT-1	Cluster 1	1.0
CTTGTATGACACCA-1	Cluster 4	0.0
CTTGTATGCGCAAT-1	Cluster 4	0.0
CTTTACGAGCGAAG-1	Cluster 7	2.0
CTTTAGACCGTGAT-1	Cluster 7	2.0
CTTTAGACGAGACG-1	Cluster 8	3.0
CTTTAGACGATACC-1	Cluster 1	0.0
CTTTAGACGTTGGT-1	Cluster 8	4.0
CTTTAGACTCATTC-1	Cluster 1	2.0
CTTTAGTGACGGGA-1	Cluster 7	0.0
CTTTAGTGGGTGGA-1	Cluster 8	2.0
CTTTCAGAGAAACA-1	Cluster 1	2.0
CTTTGATGAGCACT-1	Cluster 8	2.0
CTTTGATGTCTAGG-1	Cluster 5	1.0
CTTTGATGTGTCCC-1	Cluster 8	0.0
CTTTGATGTGTGGT-1	Cluster 1	0.0
GAAACAGAACTACG-1	Cluster 8	1.0
GAAACAGAATCACG-1	Cluster 1	1.0
GAAACAGACATTCT-1	Cluster 1	0.0
GAAACCTGATCGTG-1	Cluster 1	2.0
GAAACCTGATGCCA-1	Cluster 8	2.0
GAAACCTGCTTATC-1	Cluster 8	6.0
GAAACCTGGACTAC-1	Cluster 6	0.0
GAAACCTGTGCTAG-1	Cluster 8	2.0
GAAAGATGATTTCC-1	Cluster 1	1.0
GAAAGATGCTGATG-1	Cluster 6	1.0
GAAAGATGCTTCGC-1	Cluster 2	0.0
GAAAGATGTAAGGA-1	Cluster 7	0.0
GAAAGATGTTTGCT-1	Cluster 4	0.0
GAAAGCCTACGTTG-1	Cluster 4	0.0
GAAAGTGAAAGTGA-1	Cluster 3	0.0
GAAAGTGACCACAA-1	Cluster 2	0.0
GAAAGTGACTCAAG-1	Cluster 8	2.0
GAAATACTACCAAC-1	Cluster 2	0.0
GAAATACTCTTAGG-1	Cluster 4	1.0
GAAATACTTCCTCG-1	Cluster 8	1.0
GAACACACGTGCAT-1	Cluster 2	1.0
GAACACACTGCCTC-1	Cluster 8	2.0
GAACAGCTAACTGC-1	Cluster 6	0.0
GAACAGCTCTCAGA-1	Cluster 6	0.0
GAACCAACCACAAC-1	Cluster 5	0.0
GAACCAACTTCCGC-1	Cluster 7	0.0
GAACCTGAACGTGT-1	Cluster 1	3.0
GAACCTGAGAGACG-1	Cluster 1	2.0
GAACCTGATGAACC-1	Cluster 8	1.0
GAACGGGATACTTC-1	Cluster 1	1.0
GAACGTTGACGGAG-1	Cluster 5	3.0
GAACTGTGACCTGA-1	Cluster 6	0.0
GAACTGTGCCAGTA-1	Cluster 2	0.0
GAAGAATGCAATCG-1	Cluster 1	0.0
GAAGCGGACCTATT-1	Cluster 2	0.0
GAAGCTACGAATGA-1	Cluster 2	0.0
GAAGCTACGGTTTG-1	Cluster 5	0.0
GAAGGGTGAAAGTG-1	Cluster 8	2.0
GAAGGGTGCTTAGG-1	Cluster 2	0.0
GAAGGTCTGAAAGT-1	Cluster 8	1.0
GAAGGTCTGTTGCA-1	Cluster 1	0.0
GAAGGTCTTAAAGG-1	Cluster 3	1.0
GAAGTAGACTCCCA-1	Cluster 7	2.0
GAAGTAGATCCAAG-1	Cluster 6	0.0
GAAGTCACCCTCGT-1	Cluster 2	0.0
GAAGTCACCCTGTC-1	Cluster 4	0.0
GAAGTCTGTCGCAA-1	Cluster 4	0.0
GAAGTCTGTTCTGT-1	Cluster 8	0.0
GAAGTGCTAAACGA-1	Cluster 7	0.0
GAAGTGCTCCGCTT-1	Cluster 2	0.0
GAAGTGCTTAACCG-1	Cluster 8	3.0
GAATGCACCCTAAG-1	Cluster 8	2.0
GAATGCACCTTCGC-1	Cluster 7	4.0
GAATGCTGCGGTAT-1	Cluster 1	1.0
GAATGGCTAAGATG-1	Cluster 7	0.0
GAATTAACGATAAG-1	Cluster 1	0.0
GAATTAACGGTCAT-1	Cluster 1	3.0
GAATTAACGTCGTA-1	Cluster 7	0.0
GAATTAACTGAAGA-1	Cluster 4	0.0
GACAACACAGGCGA-1	Cluster 1	3.0
GACAACACATCGTG-1	Cluster 1	1.0
GACAACACTCGCCT-1	Cluster 8	0.0
GACAACTGAGGTTC-1	Cluster 8	1.0
GACAGGGAAGAGTA-1	Cluster 4	0.0
GACAGGGAATGCCA-1	Cluster 8	2.0
GACAGTACGAGCTT-1	Cluster 6	0.0
GACAGTACTTCGGA-1	Cluster 6	0.0
GACAGTTGAGTAGA-1	Cluster 4	0.0
GACATTCTCCACCT-1	Cluster 3	0.0
GACCAAACGACTAC-1	Cluster 2	0.0
GACCAAACGTATCG-1	Cluster 2	0.0
GACCATGACTCTCG-1	Cluster 2	0.0
GACCCTACTAAAGG-1	Cluster 4	0.0
GACCTAGACCTCAC-1	Cluster 5	1.0
GACCTAGACGAGAG-1	Cluster 8	0.0
GACCTCACAAGGTA-1	Cluster 1	1.0
GACCTCACGTACGT-1	Cluster 2	0.0
GACCTCTGCATCAG-1	Cluster 8	3.0
GACGAACTCCCACT-1	Cluster 1	2.0
GACGATTGCCAATG-1	Cluster 4	1.0
GACGCCGACCTTCG-1	Cluster 8	3.0
GACGCTCTCTCTCG-1	Cluster 5	0.0
GACGGCACACGGGA-1	Cluster 7	0.0
GACGGCACGAGATA-1	Cluster 2	0.0
GACGTAACCTATGG-1	Cluster 5	1.0
GACGTAACCTGTGA-1	Cluster 8	1.0
GACGTAACTATGGC-1	Cluster 8	5.0
GACGTATGTTGACG-1	Cluster 8	3.0
GACGTATGTTTGCT-1	Cluster 8	0.0
GACGTCCTACGGAG-1	Cluster 8	1.0
GACGTCCTCTCAAG-1	Cluster 2	0.0
GACGTCCTGATAAG-1	Cluster 4	0.0
GACTACGATGGTCA-1	Cluster 4	1.0
GACTCCTGCTCGCT-1	Cluster 8	1.0
GACTCCTGGGTTAC-1	Cluster 1	0.0
GACTCCTGTTATCC-1	Cluster 5	1.0
GACTCCTGTTGGTG-1	Cluster 2	0.0
GACTGAACAACCGT-1	Cluster 5	0.0
GACTGAACCAATCG-1	Cluster 2	1.0
GACTGATGTGATGC-1	Cluster 8	1.0
GACTTTACATGCCA-1	Cluster 1	1.0
GACTTTACGACAGG-1	Cluster 4	0.0
GAGAAATGTTCTCA-1	Cluster 4	0.0
GAGATAGAAAAAGC-1	Cluster 2	0.0
GAGATCACGACAAA-1	Cluster 2	0.0
GAGATGCTCTGGAT-1	Cluster 8	0.0
GAGATGCTGAATGA-1	Cluster 8	4.0
GAGCAGGATTCCCG-1	Cluster 7	0.0
GAGCATACTTTGCT-1	Cluster 6	2.0
GAGCGCACGCGTAT-1	Cluster 2	0.0
GAGCGCACGGTGAG-1	Cluster 5	2.0
GAGCGCTGAAGATG-1	Cluster 7	1.0
GAGCGCTGTCTTAC-1	Cluster 2	0.0
GAGCGGCTGGGAGT-1	Cluster 4	0.0
GAGGACGACTCAGA-1	Cluster 8	0.0
GAGGATCTGAAAGT-1	Cluster 4	0.0
GAGGCAGACTTGCC-1	Cluster 7	1.0
GAGGGAACACCAGT-1	Cluster 8	3.0
GAGGGAACGAGGGT-1	Cluster 5	2.0
GAGGGATGGGAAAT-1	Cluster 7	0.0
GAGGGCCTTCACCC-1	Cluster 8	3.0
GAGGGTGAAGAGTA-1	Cluster 8	1.0
GAGGTACTACGGTT-1	Cluster 1	4.0
GAGGTACTACTCAG-1	Cluster 2	0.0
GAGGTACTGACACT-1	Cluster 7	2.0
GAGGTACTGGGAGT-1	Cluster 5	0.0
GAGGTACTTAGCGT-1	Cluster 6	0.0
GAGGTGGAGTACGT-1	Cluster 8	2.0
GAGGTGGATCCTCG-1	Cluster 7	1.0
GAGGTTACTCGTTT-1	Cluster 2	0.0
GAGGTTTGTAAGCC-1	Cluster 2	0.0
GAGTCAACCATTCT-1	Cluster 5	0.0
GAGTCAACGGGAGT-1	Cluster 1	1.0
GAGTCTGATCGTGA-1	Cluster 1	5.0
GAGTCTGATTTGGG-1	Cluster 4	0.0
GAGTGACTCAGCTA-1	Cluster 8	5.0
GAGTGACTCGGTAT-1	Cluster 7	1.0
GAGTGACTCTTGCC-1	Cluster 4	0.0
GAGTGACTGACTAC-1	Cluster 4	1.0
GAGTGACTGTCTAG-1	Cluster 8	1.0
GAGTGGGAGTCTTT-1	Cluster 4	0.0
GAGTGGGATGCCCT-1	Cluster 8	1.0
GAGTGGGATGCTGA-1	Cluster 4	0.0
GAGTGTTGCTGTAG-1	Cluster 8	0.0
GAGTGTTGTGGTCA-1	Cluster 8	0.0
GAGTTGTGCATGGT-1	Cluster 2	0.0
GAGTTGTGCTGAGT-1	Cluster 7	2.0
GAGTTGTGGCGAGA-1	Cluster 2	0.0
GAGTTGTGGTAGCT-1	Cluster 5	0.0
GAGTTGTGTATGCG-1	Cluster 6	0.0
GATAAGGAGAAACA-1	Cluster 2	0.0
GATAAGGATTCACT-1	Cluster 2	0.0
GATACTCTATCGGT-1	Cluster 8	1.0
GATACTCTTACTTC-1	Cluster 8	2.0
GATACTCTTGACTG-1	Cluster 2	0.0
GATAGAGAAGGGTG-1	Cluster 7	1.0
GATAGAGACTGTGA-1	Cluster 8	1.0
GATAGAGATCACGA-1	Cluster 2	0.0
GATAGCACCCATAG-1	Cluster 8	1.0
GATAGCACGAAGGC-1	Cluster 2	1.0
GATAGCACTTGTCT-1	Cluster 8	0.0
GATATAACAAGGTA-1	Cluster 8	30.0
GATATAACACGCAT-1	Cluster 1	2.0
GATATATGCTGGAT-1	Cluster 1	3.0
GATATATGTCCGTC-1	Cluster 7	1.0
GATATATGTGGAGG-1	Cluster 2	1.0
GATATCCTAGAAGT-1	Cluster 1	5.0
GATATCCTCCCGTT-1	Cluster 2	0.0
GATATTGACAGGAG-1	Cluster 1	2.0
GATATTGACGAGTT-1	Cluster 6	0.0
GATATTGAGCCAAT-1	Cluster 1	1.0
GATCCCTGACCTTT-1	Cluster 7	0.0
GATCCCTGTGTAGC-1	Cluster 1	3.0
GATCCGCTGGTCAT-1	Cluster 2	0.0
GATCGAACCGAGAG-1	Cluster 8	1.0
GATCGATGACTAGC-1	Cluster 4	0.0
GATCGATGGTAAAG-1	Cluster 4	0.0
GATCGATGTAAGGA-1	Cluster 2	0.0
GATCGTGACACTAG-1	Cluster 8	2.0
GATCGTGATTCACT-1	Cluster 8	0.0
GATCTACTGGTGAG-1	Cluster 1	1.0
GATCTACTTTGCAG-1	Cluster 4	0.0
GATCTTACACCCAA-1	Cluster 6	0.0
GATCTTACCCTACC-1	Cluster 8	2.0
GATCTTACGAATAG-1	Cluster 2	0.0
GATCTTACGAGATA-1	Cluster 2	0.0
GATGCAACTCCAGA-1	Cluster 8	6.0
GATGCCCTACGTAC-1	Cluster 8	0.0
GATGCCCTCTCATT-1	Cluster 8	1.0
GATGCCCTGGCAAG-1	Cluster 2	0.0
GATGCCCTTTTGCT-1	Cluster 8	0.0
GATTACCTTGTTCT-1	Cluster 8	2.0
GATTCGGAACGACT-1	Cluster 1	1.0
GATTCGGACAGGAG-1	Cluster 2	0.0
GATTCGGAGAAGGC-1	Cluster 6	0.0
GATTCTTGATTCGG-1	Cluster 2	0.0
GATTCTTGCCGATA-1	Cluster 8	1.0
GATTCTTGCGAGTT-1	Cluster 4	0.0
GATTGGACCCGTTC-1	Cluster 1	2.0
GATTGGACGGTGTT-1	Cluster 4	0.0
GATTGGACTTTCGT-1	Cluster 4	0.0
GATTGGTGTGTCAG-1	Cluster 8	4.0
GATTTAGACACTCC-1	Cluster 6	1.0
GATTTAGACTAAGC-1	Cluster 4	0.0
GATTTAGATTCGTT-1	Cluster 2	0.0
GATTTGCTAACGAA-1	Cluster 8	1.0
GATTTGCTAACGGG-1	Cluster 2	0.0
GCAACCCTCCTCGT-1	Cluster 2	0.0
GCAACTGATTGCGA-1	Cluster 1	4.0
GCAAGACTACTGGT-1	Cluster 8	2.0
GCAAGACTAGGTCT-1	Cluster 8	2.0
GCAAGACTCCCTTG-1	Cluster 8	1.0
GCAATCGACTGCAA-1	Cluster 1	3.0
GCAATCGAGACGTT-1	Cluster 2	1.0
GCAATCGATCCTTA-1	Cluster 6	0.0
GCAATTCTCGTGTA-1	Cluster 8	2.0
GCAATTCTTCTCCG-1	Cluster 8	2.0
GCACAAACAATGCC-1	Cluster 5	1.0
GCACAAACGGTACT-1	Cluster 8	1.0
GCACAATGGTGCAT-1	Cluster 2	0.0
GCACACCTGTGCTA-1	Cluster 7	0.0
GCACCACTCATGAC-1	Cluster 2	1.0
GCACCACTGTTTGG-1	Cluster 2	0.0
GCACCACTTCCTTA-1	Cluster 7	1.0
GCACCACTTTCGGA-1	Cluster 2	0.0
GCACCTACGCGATT-1	Cluster 8	1.0
GCACCTTGGCTGTA-1	Cluster 8	0.0
GCACCTTGGGGAGT-1	Cluster 6	0.0
GCACGGACCAGCTA-1	Cluster 8	3.0
GCACGGTGACCTCC-1	Cluster 1	3.0
GCACGGTGCTATGG-1	Cluster 2	0.0
GCACTAGAACGGGA-1	Cluster 1	1.0
GCACTAGAAGATGA-1	Cluster 4	0.0
GCACTAGACCTTTA-1	Cluster 6	0.0
GCACTAGACGTAAC-1	Cluster 4	0.0
GCACTAGAGTCGTA-1	Cluster 7	3.0
GCACTAGATGCAAC-1	Cluster 8	4.0
GCACTGCTGAGGCA-1	Cluster 8	3.0
GCAGATACAGCGTT-1	Cluster 7	2.0
GCAGATACGACGGA-1	Cluster 8	2.0
GCAGATACGCAGAG-1	Cluster 1	1.0
GCAGCCGACAGTCA-1	Cluster 1	3.0
GCAGCGTGCACTCC-1	Cluster 1	4.0
GCAGCTCTCAATCG-1	Cluster 8	3.0
GCAGCTCTGTTTCT-1	Cluster 8	4.0
GCAGGGCTAAGAAC-1	Cluster 8	2.0
GCAGGGCTAAGGGC-1	Cluster 5	0.0
GCAGGGCTATCGAC-1	Cluster 7	1.0
GCAGGGCTTGGGAG-1	Cluster 7	1.0
GCAGTCCTAACTGC-1	Cluster 8	1.0
GCAGTCCTCTCTTA-1	Cluster 8	0.0
GCATCAGATGCGTA-1	Cluster 8	1.0
GCATGTGACAAGCT-1	Cluster 1	2.0
GCATTGGAGAAGGC-1	Cluster 8	1.0
GCCAAAACGAGGCA-1	Cluster 1	1.0
GCCAAATGATCGAC-1	Cluster 8	0.0
GCCAACCTACGGTT-1	Cluster 8	1.0
GCCAACCTCGCCTT-1	Cluster 8	0.0
GCCACGGAGGCGAA-1	Cluster 2	0.0
GCCACGGATACTGG-1	Cluster 8	1.0
GCCACTACCTACTT-1	Cluster 4	0.0
GCCACTACGTCTTT-1	Cluster 1	1.0
GCCCAACTACCGAT-1	Cluster 8	7.0
GCCCAACTATGGTC-1	Cluster 1	4.0
GCCCATACAGCGTT-1	Cluster 5	1.0
GCCGACGAACTCTT-1	Cluster 6	0.0
GCCGAGTGCGTTGA-1	Cluster 8	1.0
GCCGGAACGAACTC-1	Cluster 7	3.0
GCCGGAACGTTCTT-1	Cluster 7	3.0
GCCGGAACTGCACA-1	Cluster 7	0.0
GCCGGAACTTACTC-1	Cluster 8	1.0
GCCGTACTACCTGA-1	Cluster 1	1.0
GCCGTACTGGCAAG-1	Cluster 2	0.0
GCCTACACAGTTCG-1	Cluster 7	2.0
GCCTACACCACTGA-1	Cluster 2	0.0
GCCTACACCTTGAG-1	Cluster 8	1.0
GCCTAGCTACGGAG-1	Cluster 4	0.0
GCCTAGCTCTATTC-1	Cluster 8	2.0
GCCTAGCTTCTCAT-1	Cluster 8	2.0
GCCTAGCTTCTCTA-1	Cluster 6	0.0
GCCTCAACCATGGT-1	Cluster 1	3.0
GCCTCAACTCTTTG-1	Cluster 8	1.0
GCCTCATGTCTTAC-1	Cluster 8	2.0
GCCTGACTCTCAAG-1	Cluster 2	0.0
GCGAAGGAACTCTT-1	Cluster 5	0.0
GCGAAGGAGAGCTT-1	Cluster 8	1.0
GCGAAGGATGCCAA-1	Cluster 1	4.0
GCGAGAGAGGGACA-1	Cluster 8	1.0
GCGAGCACTGTCGA-1	Cluster 4	0.0
GCGAGCACTTGACG-1	Cluster 8	0.0
GCGAGCACTTGCTT-1	Cluster 2	0.0
GCGATATGGTACGT-1	Cluster 8	0.0
GCGATATGGTGTTG-1	Cluster 1	0.0
GCGCACGAAGTCGT-1	Cluster 1	2.0
GCGCACGACTTTAC-1	Cluster 2	0.0
GCGCATCTAGGTCT-1	Cluster 8	0.0
GCGCATCTGGTTAC-1	Cluster 4	0.0
GCGCATCTTCGATG-1	Cluster 8	2.0
GCGCATCTTGCTCC-1	Cluster 7	0.0
GCGCATCTTTCTAC-1	Cluster 1	2.0
GCGCGAACGTTCTT-1	Cluster 4	0.0
GCGCGATGAACGGG-1	Cluster 1	1.0
GCGCGATGGTGCAT-1	Cluster 7	0.0
GCGGAGCTCCTGAA-1	Cluster 8	2.0
GCGGCAACCCGATA-1	Cluster 8	0.0
GCGGCAACGGAGGT-1	Cluster 4	0.0
GCGGCAACTGTCGA-1	Cluster 2	0.0
GCGTAAACACGGTT-1	Cluster 3	1.0
GCGTAATGCACCAA-1	Cluster 6	0.0
GCGTATGAACACCA-1	Cluster 8	0.0
GCGTATGATGAGAA-1	Cluster 2	0.0
GCTACAGAAAGGTA-1	Cluster 1	0.0
GCTACAGAATCTTC-1	Cluster 4	1.0
GCTACAGATCTTAC-1	Cluster 1	0.0
GCTACCTGAGAAGT-1	Cluster 2	0.0
GCTACCTGATCACG-1	Cluster 8	2.0
GCTACGCTAGAATG-1	Cluster 1	4.0
GCTACGCTAGCTAC-1	Cluster 8	3.0
GCTACGCTCCCTAC-1	Cluster 1	2.0
GCTAGAACAGAGGC-1	Cluster 4	0.0
GCTAGAACGGATCT-1	Cluster 8	1.0
GCTAGAACTCCCGT-1	Cluster 8	0.0
GCTAGATGAGCTCA-1	Cluster 2	0.0
GCTAGATGGCGATT-1	Cluster 1	2.0
GCTATACTAAGGCG-1	Cluster 1	2.0
GCTATACTAGCGTT-1	Cluster 1	0.0
GCTATACTCTCTTA-1	Cluster 8	2.0
GCTATACTGGACGA-1	Cluster 8	1.0
GCTCAAGAACCATG-1	Cluster 6	0.0
GCTCAAGAAGTCAC-1	Cluster 2	0.0
GCTCAGCTGTCTAG-1	Cluster 8	1.0
GCTCCATGAGAAGT-1	Cluster 7	0.0
GCTCCATGCCGAAT-1	Cluster 8	2.0
GCTCGACTCTAGTG-1	Cluster 2	0.0
GCTGATGAGGTATC-1	Cluster 2	0.0
GCTTAACTACAGTC-1	Cluster 2	0.0
GCTTAACTACTGGT-1	Cluster 7	1.0
GCTTAACTGCTGAT-1	Cluster 8	5.0
GCTTAACTTAGACC-1	Cluster 2	0.0
GCTTAACTTCAGTG-1	Cluster 8	1.0
GGAACACTCACTTT-1	Cluster 2	0.0
GGAACACTTCAGAC-1	Cluster 5	1.0
GGAACTACTACTTC-1	Cluster 5	1.0
GGAACTTGAAGGTA-1	Cluster 2	0.0
GGAACTTGAGAATG-1	Cluster 1	0.0
GGAACTTGCTCCAC-1	Cluster 2	0.0
GGAACTTGGGTAGG-1	Cluster 4	0.0
GGAAGGACATCGGT-1	Cluster 2	0.0
GGAAGGACCACTAG-1	Cluster 8	1.0
GGAAGGACGAGGGT-1	Cluster 8	3.0
GGAAGGACGCGAAG-1	Cluster 8	0.0
GGAAGGTGGCGAGA-1	Cluster 7	0.0
GGAATCTGAAGGGC-1	Cluster 1	1.0
GGAATCTGAGGAGC-1	Cluster 8	3.0
GGAATCTGCTTAGG-1	Cluster 4	0.0
GGAATCTGCTTGTT-1	Cluster 2	0.0
GGAATCTGGGAGGT-1	Cluster 8	3.0
GGAATGCTTTCTAC-1	Cluster 1	1.0
GGACAGGAAAGGGC-1	Cluster 7	1.0
GGACAGGAGTGCTA-1	Cluster 4	0.0
GGACAGGATCTCGC-1	Cluster 8	6.0
GGACCCGAAGCTAC-1	Cluster 2	0.0
GGACCGTGCTTACT-1	Cluster 2	0.0
GGACCGTGGGAACG-1	Cluster 3	0.0
GGACCGTGTAACGC-1	Cluster 8	1.0
GGACCTCTGTAAGA-1	Cluster 2	0.0
GGACCTCTTTTCTG-1	Cluster 7	3.0
GGACGAGAGTGTCA-1	Cluster 2	0.0
GGACGCTGACGCAT-1	Cluster 8	1.0
GGACGCTGCTAGCA-1	Cluster 1	1.0
GGACGCTGTCCTCG-1	Cluster 7	0.0
GGAGAGACGTGAGG-1	Cluster 8	0.0
GGAGCAGATTCAGG-1	Cluster 4	0.0
GGAGCCACCTTCTA-1	Cluster 8	0.0
GGAGCGCTACGCAT-1	Cluster 6	0.0
GGAGCGCTCCGAAT-1	Cluster 1	3.0
GGAGGATGCCACCT-1	Cluster 1	1.0
GGAGGATGGTTGAC-1	Cluster 2	0.0
GGAGGATGTCAGTG-1	Cluster 2	0.0
GGAGGCCTCGTTGA-1	Cluster 7	0.0
GGAGGCCTTTCTTG-1	Cluster 8	5.0
GGAGGTGATACGCA-1	Cluster 8	2.0
GGAGGTGATCGCTC-1	Cluster 1	2.0
GGATACTGCAGCTA-1	Cluster 8	1.0
GGATACTGTCTAGG-1	Cluster 8	3.0
GGATAGCTCGTCTC-1	Cluster 8	4.0
GGATAGCTCTGAAC-1	Cluster 8	2.0
GGATGTACCAAAGA-1	Cluster 4	0.0
GGATGTACGCGAAG-1	Cluster 7	1.0
GGATGTACGTCTTT-1	Cluster 2	0.0
GGATGTACGTGTCA-1	Cluster 7	3.0
GGATTTCTAGGTTC-1	Cluster 8	1.0
GGATTTCTTTGTCT-1	Cluster 2	0.0
GGCAAGGAAAAAGC-1	Cluster 7	0.0
GGCAAGGAAGAAGT-1	Cluster 1	0.0
GGCAAGGACTTGGA-1	Cluster 2	0.0
GGCAAGGAGGACTT-1	Cluster 8	1.0
GGCAATACGCTAAC-1	Cluster 4	0.0
GGCAATACGGCATT-1	Cluster 5	0.0
GGCAATACGTTTCT-1	Cluster 4	0.0
GGCACGTGGCTTAG-1	Cluster 6	2.0
GGCACGTGTGAGAA-1	Cluster 8	0.0
GGCACTCTTTTGTC-1	Cluster 8	2.0
GGCATATGCTTATC-1	Cluster 7	1.0
GGCATATGGGGAGT-1	Cluster 5	0.0
GGCATATGTGTGAC-1	Cluster 8	4.0
GGCCACGACAGAGG-1	Cluster 7	0.0
GGCCAGACTGGTTG-1	Cluster 8	0.0
GGCCCAGAAAGTAG-1	Cluster 2	0.0
GGCCGAACAACGAA-1	Cluster 1	0.0
GGCCGAACGCAGAG-1	Cluster 7	0.0
GGCCGAACGTAGGG-1	Cluster 1	2.0
GGCCGAACTCTAGG-1	Cluster 7	0.0
GGCCGATGCAGGAG-1	Cluster 8	4.0
GGCCGATGCCGAAT-1	Cluster 8	0.0
GGCCGATGTACTCT-1	Cluster 8	2.0
GGCGACACTGCCCT-1	Cluster 8	3.0
GGCGACTGCGTAAC-1	Cluster 8	1.0
GGCGCATGCCTAAG-1	Cluster 2	0.0
GGCGCATGCTCCAC-1	Cluster 8	3.0
GGCGCATGTGGAAA-1	Cluster 5	0.0
GGCGGACTAGAGGC-1	Cluster 7	3.0
GGCGGACTAGGAGC-1	Cluster 8	2.0
GGCGGACTCTGACA-1	Cluster 1	1.0
GGCGGACTCTTGGA-1	Cluster 1	2.0
GGCGGACTTACTGG-1	Cluster 8	2.0
GGCGGACTTGAACC-1	Cluster 8	1.0
GGCTAAACACCTGA-1	Cluster 7	0.0
GGCTAAACTCTTAC-1	Cluster 1	5.0
GGCTAATGAGCACT-1	Cluster 7	0.0
GGCTAATGGTCTAG-1	Cluster 1	3.0
GGCTCACTACTCAG-1	Cluster 2	0.0
GGGAACGAAGCTCA-1	Cluster 6	0.0
GGGAACGACACAAC-1	Cluster 4	1.0
GGGAACGAGTGTCA-1	Cluster 2	0.0
GGGAAGTGTTGAGC-1	Cluster 2	0.0
GGGACCACACGTTG-1	Cluster 7	2.0
GGGACCACAGAACA-1	Cluster 8	0.0
GGGACCACGAATAG-1	Cluster 8	4.0
GGGACCACGTCATG-1	Cluster 1	2.0
GGGACCACTCAAGC-1	Cluster 5	0.0
GGGACCACTCGTGA-1	Cluster 1	0.0
GGGACCACTGCATG-1	Cluster 1	0.0
GGGACCTGACCCTC-1	Cluster 2	0.0
GGGACCTGCTTGCC-1	Cluster 8	0.0
GGGACCTGTGGAGG-1	Cluster 4	0.0
GGGATGGACGACAT-1	Cluster 4	0.0
GGGATGGATACTTC-1	Cluster 8	2.0
GGGATGGATGGTTG-1	Cluster 2	0.0
GGGATTACGTCTAG-1	Cluster 1	2.0
GGGCAAGATGCATG-1	Cluster 2	0.0
GGGCACACGGTGAG-1	Cluster 6	1.0
GGGCACACGTTGCA-1	Cluster 1	2.0
GGGCAGCTTGGGAG-1	Cluster 1	0.0
GGGCAGCTTTTCTG-1	Cluster 8	0.0
GGGCCAACCTTGGA-1	Cluster 3	0.0
GGGCCAACGCGTTA-1	Cluster 4	0.0
GGGCCAACTACGCA-1	Cluster 2	0.0
GGGCCAACTCCAAG-1	Cluster 4	0.0
GGGCCATGATGGTC-1	Cluster 8	2.0
GGGCCATGTTGACG-1	Cluster 8	3.0
GGGTAACTCAGCTA-1	Cluster 8	5.0
GGGTAACTCTAGTG-1	Cluster 4	0.0
GGGTAACTCTGGAT-1	Cluster 8	3.0
GGGTTAACGTGCAT-1	Cluster 7	0.0
GGTAAAGAGCTAAC-1	Cluster 7	1.0
GGTACAACTGCAAC-1	Cluster 8	4.0
GGTACATGAAAGCA-1	Cluster 4	0.0
GGTACATGAGCTCA-1	Cluster 8	0.0
GGTACATGCGGTAT-1	Cluster 5	3.0
GGTACATGGTTACG-1	Cluster 8	1.0
GGTACATGTGGGAG-1	Cluster 8	3.0
GGTACTGAACTCTT-1	Cluster 2	0.0
GGTAGTACACCACA-1	Cluster 7	2.0
GGTAGTACACTAGC-1	Cluster 2	0.0
GGTAGTACCCTGTC-1	Cluster 8	1.0
GGTAGTACGCCATA-1	Cluster 2	0.0
GGTAGTACTGTCTT-1	Cluster 8	1.0
GGTATCGAGACAAA-1	Cluster 2	0.0
GGTATCGATGAACC-1	Cluster 4	0.0
GGTCAAACCAAAGA-1	Cluster 8	4.0
GGTCTAGAGAAACA-1	Cluster 2	0.0
GGTCTAGATAGCGT-1	Cluster 2	0.0
GGTGATACCGACTA-1	Cluster 4	0.0
GGTGATACGACTAC-1	Cluster 2	0.0
GGTGATACTGTTTC-1	Cluster 1	0.0
GGTGGAGAAACGGG-1	Cluster 7	1.0
GGTGGAGAAGTAGA-1	Cluster 8	1.0
GGTGGAGACAGATC-1	Cluster 5	0.0
GGTGGAGATCGATG-1	Cluster 8	2.0
GGTGGAGATCTCTA-1	Cluster 2	0.0
GGTGGAGATTACTC-1	Cluster 7	5.0
GGTTTACTACGCAT-1	Cluster 7	4.0
GTAACGTGACCTCC-1	Cluster 2	0.0
GTAACGTGATCGGT-1	Cluster 4	0.0
GTAACGTGCAGCTA-1	Cluster 4	0.0
GTAACGTGGTTGAC-1	Cluster 4	2.0
GTAAGCACAACGGG-1	Cluster 1	1.0
GTAAGCACTCATTC-1	Cluster 4	0.0
GTAAGCTGGTACCA-1	Cluster 2	0.0
GTAATAACCTTCTA-1	Cluster 2	0.0
GTAATAACGTTGTG-1	Cluster 1	1.0
GTACCCTGACAGTC-1	Cluster 6	1.0
GTACCCTGGAGCTT-1	Cluster 8	1.0
GTACCCTGTCCTTA-1	Cluster 1	0.0
GTACCCTGTGAACC-1	Cluster 1	2.0
GTACGTGAACGTTG-1	Cluster 7	1.0
GTACTTTGTCGACA-1	Cluster 1	1.0
GTAGACTGAGATGA-1	Cluster 2	0.0
GTAGACTGTATTCC-1	Cluster 8	1.0
GTAGCAACAGTCGT-1	Cluster 2	0.0
GTAGCAACCATTTC-1	Cluster 4	0.0
GTAGCAACGGTAGG-1	Cluster 2	0.0
GTAGCATGCACTCC-1	Cluster 4	0.0
GTAGCATGTAAGCC-1	Cluster 2	1.0
GTAGCCCTGACGTT-1	Cluster 1	0.0
GTAGCTGAAGCTAC-1	Cluster 6	1.0
GTAGCTGAATTCGG-1	Cluster 8	1.0
GTAGGTACACGGGA-1	Cluster 2	0.0
GTAGTGACCTCATT-1	Cluster 1	1.0
GTAGTGTGAGCGGA-1	Cluster 7	1.0
GTAGTGTGAGGCGA-1	Cluster 2	1.0
GTAGTGTGTGGTTG-1	Cluster 8	1.0
GTATCACTGGTAGG-1	Cluster 2	1.0
GTATCTACAGAAGT-1	Cluster 7	3.0
GTATCTACGACGAG-1	Cluster 1	1.0
GTATCTACGTTACG-1	Cluster 8	0.0
GTATTAGAAACAGA-1	Cluster 8	9.0
GTATTAGAGGTCTA-1	Cluster 7	2.0
GTATTCACACAGCT-1	Cluster 8	2.0
GTATTCACGGGTGA-1	Cluster 1	0.0
GTCAACGACACTGA-1	Cluster 8	2.0
GTCAACGAGTGTAC-1	Cluster 2	0.0
GTCAACGATCAGGT-1	Cluster 7	0.0
GTCAATCTACACCA-1	Cluster 1	1.0
GTCAATCTGTAGCT-1	Cluster 8	2.0
GTCAATCTTGTGGT-1	Cluster 8	1.0
GTCACCTGCCTCCA-1	Cluster 8	0.0
GTCACCTGTCCCGT-1	Cluster 8	0.0
GTCATACTAATCGC-1	Cluster 4	0.0
GTCATACTGCGATT-1	Cluster 7	0.0
GTCATACTTCGCCT-1	Cluster 5	0.0
GTCATACTTTACCT-1	Cluster 1	3.0
GTCATACTTTGACG-1	Cluster 1	4.0
GTCCAAGAAAAACG-1	Cluster 8	0.0
GTCCACTGACCTCC-1	Cluster 1	5.0
GTCCACTGGGTACT-1	Cluster 6	0.0
GTCCAGCTACGGGA-1	Cluster 1	2.0
GTCCCATGTGGTGT-1	Cluster 2	0.0
GTCGAATGAAGGCG-1	Cluster 2	0.0
GTCGACCTGAATGA-1	Cluster 7	0.0
GTCGACCTGTTCAG-1	Cluster 8	0.0
GTCGCACTTGAGAA-1	Cluster 4	1.0
GTCTAACTGGTCTA-1	Cluster 6	0.0
GTCTAGGAGCTTCC-1	Cluster 2	0.0
GTGAACACACTCTT-1	Cluster 1	1.0
GTGAACACAGATCC-1	Cluster 5	3.0
GTGAACACTCAGGT-1	Cluster 5	1.0
GTGACCCTTAAGCC-1	Cluster 1	3.0
GTGATGACAAGTGA-1	Cluster 8	5.0
GTGATGACCTGAGT-1	Cluster 4	0.0
GTGATGACGGTTTG-1	Cluster 1	5.0
GTGATTCTCATTTC-1	Cluster 8	4.0
GTGATTCTCTCTCG-1	Cluster 2	0.0
GTGATTCTGGTTCA-1	Cluster 7	2.0
GTGATTCTGTCGAT-1	Cluster 1	2.0
GTGATTCTTAGCGT-1	Cluster 4	0.0
GTGCCACTCAGGAG-1	Cluster 1	3.0
GTGGATTGCACTAG-1	Cluster 6	0.0
GTGGATTGCGGAGA-1	Cluster 8	1.0
GTGGATTGTAACGC-1	Cluster 8	4.0
GTGTACGATCAGTG-1	Cluster 8	0.0
GTGTAGTGGGTACT-1	Cluster 8	2.0
GTGTATCTAGCCTA-1	Cluster 4	0.0
GTGTATCTAGTAGA-1	Cluster 8	5.0
GTGTATCTGTTACG-1	Cluster 4	0.0
GTGTCAGAAGCGTT-1	Cluster 7	2.0
GTGTCAGAATGCTG-1	Cluster 7	0.0
GTTAAAACCGAGAG-1	Cluster 7	0.0
GTTAAAACTTCGCC-1	Cluster 8	3.0
GTTAAATGCTCGAA-1	Cluster 8	2.0
GTTAAATGTCGACA-1	Cluster 4	0.0
GTTAACCTAGCTAC-1	Cluster 8	0.0
GTTAACCTTGCTTT-1	Cluster 3	0.0
GTTAGGTGCACTCC-1	Cluster 5	0.0
GTTAGGTGCCAGTA-1	Cluster 2	0.0
GTTAGGTGCCCAAA-1	Cluster 2	0.0
GTTAGGTGGAACTC-1	Cluster 4	0.0
GTTAGTCTAAGAAC-1	Cluster 7	0.0
GTTATAGAGGACAG-1	Cluster 7	3.0
GTTATGCTTTCATC-1	Cluster 1	1.0
GTTCAACTGGGACA-1	Cluster 7	1.0
GTTCAACTTATGCG-1	Cluster 1	1.0
GTTGACGAGCCCTT-1	Cluster 7	2.0
GTTGACGATATCGG-1	Cluster 7	0.0
GTTGAGTGGTCTTT-1	Cluster 2	1.0
GTTGAGTGTGCTTT-1	Cluster 8	2.0
GTTGATCTGGGACA-1	Cluster 7	1.0
GTTGATCTTTTCAC-1	Cluster 7	2.0
GTTGGATGTTTACC-1	Cluster 6	0.0
GTTGTACTATTCCT-1	Cluster 2	0.0
GTTGTACTTTTGGG-1	Cluster 8	1.0
GTTTAAGACCATGA-1	Cluster 2	0.0
GTTTAAGACTGTCC-1	Cluster 7	2.0
TAAACAACCAACCA-1	Cluster 8	4.0
TAAACAACGAATCC-1	Cluster 4	0.0
TAAAGACTCAGGAG-1	Cluster 8	0.0
TAAATCGATGAGGG-1	Cluster 1	1.0
TAACAATGTGCCCT-1	Cluster 4	0.0
TAACACCTTCGCTC-1	Cluster 2	1.0
TAACACCTTCGTAG-1	Cluster 2	0.0
TAACACCTTGTTTC-1	Cluster 5	0.0
TAACATGACACTAG-1	Cluster 8	0.0
TAACCGGACTTACT-1	Cluster 1	0.0
TAACGTCTCAACCA-1	Cluster 2	0.0
TAACGTCTCATTGG-1	Cluster 8	1.0
TAACTAGAATTTCC-1	Cluster 8	1.0
TAACTAGACTTAGG-1	Cluster 8	0.0
TAACTAGATCTGGA-1	Cluster 1	2.0
TAACTCACGAGGAC-1	Cluster 2	0.0
TAACTCACGTACAC-1	Cluster 4	0.0
TAACTCACGTATCG-1	Cluster 2	2.0
TAACTCACTCTACT-1	Cluster 7	2.0
TAAGAACTGTGTCA-1	Cluster 2	0.0
TAAGAGGACTAAGC-1	Cluster 4	0.0
TAAGAGGACTTGTT-1	Cluster 7	1.0
TAAGATACCCACAA-1	Cluster 7	0.0
TAAGATACGGTTCA-1	Cluster 2	1.0
TAAGATTGCGTAGT-1	Cluster 1	4.0
TAAGATTGTTGCTT-1	Cluster 8	0.0
TAAGCGTGAGGTTC-1	Cluster 2	1.0
TAAGCGTGGACAAA-1	Cluster 6	0.0
TAAGCGTGGGAAAT-1	Cluster 8	2.0
TAAGCGTGTGCTCC-1	Cluster 6	0.0
TAAGGCTGCCATGA-1	Cluster 7	0.0
TAAGGCTGCTGCTC-1	Cluster 8	0.0
TAAGGCTGTCTCGC-1	Cluster 2	0.0
TAAGGGCTGCTGTA-1	Cluster 8	2.0
TAAGGGCTTTACTC-1	Cluster 8	3.0
TAAGTAACCGAGAG-1	Cluster 4	0.0
TAAGTAACCTCCAC-1	Cluster 4	0.0
TAAGTAACCTGTAG-1	Cluster 8	3.0
TAAGTAACTTGTCT-1	Cluster 1	1.0
TAATGATGAGCGGA-1	Cluster 8	2.0
TAATGCCTCATGAC-1	Cluster 8	4.0
TAATGCCTCGTCTC-1	Cluster 7	0.0
TAATGTGAAGATGA-1	Cluster 7	2.0
TAATGTGACTGCAA-1	Cluster 2	0.0
TAATGTGATTACTC-1	Cluster 7	2.0
TACAAATGGGTACT-1	Cluster 5	2.0
TACAATGAAAACAG-1	Cluster 2	0.0
TACAATGACTTAGG-1	Cluster 8	0.0
TACAATGATGCTAG-1	Cluster 7	2.0
TACACACTCACACA-1	Cluster 8	1.0
TACACACTCTTACT-1	Cluster 5	0.0
TACATAGAACGCAT-1	Cluster 1	2.0
TACATCACACGGGA-1	Cluster 8	1.0
TACATCACCTGTTT-1	Cluster 6	0.0
TACATCACGCTAAC-1	Cluster 4	1.0
TACATCACTGAACC-1	Cluster 6	0.0
TACCATTGAGGTTC-1	Cluster 7	2.0
TACCATTGCGGGAA-1	Cluster 2	0.0
TACCATTGGGGATG-1	Cluster 2	1.0
TACCATTGTGAGGG-1	Cluster 2	0.0
TACCGGCTGTTGGT-1	Cluster 8	4.0
TACGAGTGATCTCT-1	Cluster 8	1.0
TACGAGTGATGCTG-1	Cluster 6	0.0
TACGAGTGCGGAGA-1	Cluster 1	3.0
TACGAGTGGTTGGT-1	Cluster 8	0.0
TACGATCTAGTGTC-1	Cluster 8	0.0
TACGATCTCACTGA-1	Cluster 6	0.0
TACGATCTTACGAC-1	Cluster 5	1.0
TACGCAGACGTCTC-1	Cluster 7	0.0
TACGCAGAGAATCC-1	Cluster 7	1.0
TACGCCACATTCCT-1	Cluster 8	1.0
TACGCCACTCCCAC-1	Cluster 6	0.0
TACGCCACTCCGAA-1	Cluster 4	0.0
TACGCGCTCTTCTA-1	Cluster 5	2.0
TACGGAACGCGTTA-1	Cluster 4	0.0
TACGGCCTGGGACA-1	Cluster 7	3.0
TACGGCCTGTCCTC-1	Cluster 7	0.0
TACGTACTACGGAG-1	Cluster 8	3.0
TACGTACTCAGTTG-1	Cluster 8	9.0
TACGTACTCCCGTT-1	Cluster 4	0.0
TACGTTACAGAAGT-1	Cluster 8	2.0
TACGTTACCAAGCT-1	Cluster 2	0.0
TACTAAGAAAGGTA-1	Cluster 4	0.0
TACTAAGAATCACG-1	Cluster 7	1.0
TACTAAGATGATGC-1	Cluster 2	0.0
TACTAAGATTGCGA-1	Cluster 1	0.0
TACTACACGAGAGC-1	Cluster 8	6.0
TACTACACTTACCT-1	Cluster 4	0.0
TACTACTGAACCTG-1	Cluster 2	0.0
TACTACTGATGTCG-1	Cluster 7	4.0
TACTACTGATTCTC-1	Cluster 8	0.0
TACTACTGTATGGC-1	Cluster 8	2.0
TACTCAACGGTCTA-1	Cluster 2	0.0
TACTCAACTGCTAG-1	Cluster 4	1.0
TACTCCCTCAGTTG-1	Cluster 7	1.0
TACTCTGAATCGAC-1	Cluster 7	0.0
TACTCTGACGAGTT-1	Cluster 1	3.0
TACTCTGATTGACG-1	Cluster 4	0.0
TACTGGGATCGATG-1	Cluster 1	3.0
TACTGTTGAAAGCA-1	Cluster 8	2.0
TACTGTTGAGGCGA-1	Cluster 7	0.0
TACTGTTGCTGAAC-1	Cluster 4	0.0
TACTTGACTCCTCG-1	Cluster 7	2.0
TACTTGACTGGTGT-1	Cluster 4	0.0
TACTTTCTTTTGGG-1	Cluster 7	2.0
TAGAAACTAATCGC-1	Cluster 1	2.0
TAGAAACTGCTTCC-1	Cluster 2	0.0
TAGAAACTGGGATG-1	Cluster 1	0.0
TAGAATTGCGACAT-1	Cluster 8	0.0
TAGAATTGTATCGG-1	Cluster 8	3.0
TAGACGTGCTTGAG-1	Cluster 8	1.0
TAGACGTGTCGCTC-1	Cluster 1	3.0
TAGAGCACCTTACT-1	Cluster 4	0.0
TAGATTGACTTGTT-1	Cluster 4	1.0
TAGATTGAGGCATT-1	Cluster 5	0.0
TAGCATCTCAGCTA-1	Cluster 7	1.0
TAGCATCTCCCTCA-1	Cluster 5	2.0
TAGCATCTGCTGTA-1	Cluster 6	0.0
TAGCATCTGGGACA-1	Cluster 1	1.0
TAGCATCTTGTCGA-1	Cluster 8	1.0
TAGCCCACAAAAGC-1	Cluster 8	3.0
TAGCCCACAGCCAT-1	Cluster 8	2.0
TAGCCCACAGCTAC-1	Cluster 7	0.0
TAGCCCACCCACAA-1	Cluster 8	1.0
TAGCCCTGCGGAGA-1	Cluster 1	1.0
TAGCCGCTTACGAC-1	Cluster 8	2.0
TAGCCGCTTACTTC-1	Cluster 1	1.0
TAGCCGCTTTCCAT-1	Cluster 2	0.0
TAGCTACTGAATAG-1	Cluster 4	0.0
TAGCTACTGTAGCT-1	Cluster 8	2.0
TAGCTACTTTTGCT-1	Cluster 5	2.0
TAGGACTGTGCTGA-1	Cluster 8	0.0
TAGGAGCTAAGGCG-1	Cluster 4	0.0
TAGGAGCTGAGGGT-1	Cluster 8	5.0
TAGGAGCTTGCATG-1	Cluster 4	0.0
TAGGCAACCGTCTC-1	Cluster 4	0.0
TAGGCATGCTCTCG-1	Cluster 4	0.0
TAGGCATGGCGAGA-1	Cluster 7	0.0
TAGGCTGATGCCTC-1	Cluster 2	0.0
TAGGGACTGAACTC-1	Cluster 7	1.0
TAGGTCGACACTGA-1	Cluster 1	3.0
TAGGTCGAGGATCT-1	Cluster 4	0.0
TAGGTGACACACTG-1	Cluster 8	0.0
TAGGTGACACGTTG-1	Cluster 4	0.0
TAGGTGTGTTCTGT-1	Cluster 8	2.0
TAGGTTCTGAAGGC-1	Cluster 8	3.0
TAGGTTCTTCTTAC-1	Cluster 6	0.0
TAGGTTCTTGCTGA-1	Cluster 2	0.0
TAGTAAACCTCGCT-1	Cluster 1	0.0
TAGTAAACGTCACA-1	Cluster 8	1.0
TAGTAATGAGATCC-1	Cluster 7	0.0
TAGTACCTAAGAAC-1	Cluster 2	0.0
TAGTATGATCTTAC-1	Cluster 4	0.0
TAGTATGATTCTCA-1	Cluster 8	1.0
TAGTCTTGGCTGTA-1	Cluster 5	0.0
TAGTCTTGGGACTT-1	Cluster 5	1.0
TAGTCTTGTGGAAA-1	Cluster 7	1.0
TAGTGGTGAAGTGA-1	Cluster 7	0.0
TAGTTAGAACCACA-1	Cluster 7	0.0
TAGTTAGATGAACC-1	Cluster 8	0.0
TATAAGACAACAGA-1	Cluster 7	1.0
TATAAGACAGCTCA-1	Cluster 6	0.0
TATAAGTGACACCA-1	Cluster 6	0.0
TATAAGTGTATCGG-1	Cluster 2	0.0
TATAAGTGTGGTGT-1	Cluster 6	1.0
TATACAGAACCCTC-1	Cluster 7	2.0
TATACAGAAGAACA-1	Cluster 1	0.0
TATACAGATCCAGA-1	Cluster 8	2.0
TATACCACCTGATG-1	Cluster 4	0.0
TATACGCTACCAAC-1	Cluster 8	2.0
TATAGATGGACGGA-1	Cluster 8	2.0
TATAGATGTTCCGC-1	Cluster 6	0.0
TATCACTGACTGTG-1	Cluster 2	0.0
TATCCAACCAGCTA-1	Cluster 2	0.0
TATCCAACTCTCTA-1	Cluster 5	1.0
TATCGACTACTAGC-1	Cluster 7	0.0
TATCGACTCGATAC-1	Cluster 6	0.0
TATCGTACAGATGA-1	Cluster 1	1.0
TATCGTACATTCCT-1	Cluster 2	0.0
TATCTCGAGAGATA-1	Cluster 7	2.0
TATCTGACAGGTTC-1	Cluster 7	0.0
TATCTGACTGTTTC-1	Cluster 1	4.0
TATCTTCTAAACAG-1	Cluster 1	1.0
TATGAATGGAGGAC-1	Cluster 7	3.0
TATGAATGTTTGCT-1	Cluster 6	0.0
TATGCGGATAACCG-1	Cluster 8	0.0
TATGGGTGCATCAG-1	Cluster 7	0.0
TATGGGTGCTAGCA-1	Cluster 4	0.0
TATGGTCTCTACCC-1	Cluster 8	2.0
TATGTCACGGAACG-1	Cluster 4	0.0
TATGTCACTAACCG-1	Cluster 2	0.0
TATGTCACTTCTCA-1	Cluster 4	0.0
TATGTGCTCCGATA-1	Cluster 2	0.0
TATGTGCTGGATTC-1	Cluster 1	1.0
TATTGCTGAAGAAC-1	Cluster 2	0.0
TATTGCTGCCGTTC-1	Cluster 4	0.0
TATTGCTGTCTGGA-1	Cluster 1	1.0
TATTGCTGTGCACA-1	Cluster 5	0.0
TATTTCCTATTGGC-1	Cluster 2	0.0
TATTTCCTGGAGGT-1	Cluster 7	0.0
TATTTCCTGGTGTT-1	Cluster 1	1.0
TCAACACTGTTTGG-1	Cluster 7	0.0
TCAAGGACAGCGTT-1	Cluster 8	2.0
TCAAGGACATTCTC-1	Cluster 8	1.0
TCAAGGACGGTGTT-1	Cluster 2	0.0
TCAATCACACTCTT-1	Cluster 7	4.0
TCAATCACAGTCGT-1	Cluster 2	0.0
TCACAACTATGTGC-1	Cluster 5	0.0
TCACAACTTTGCTT-1	Cluster 2	0.0
TCACATACACTTTC-1	Cluster 8	5.0
TCACATACAGGGTG-1	Cluster 5	1.0
TCACCCGAGACGGA-1	Cluster 2	0.0
TCACCGTGCTCGCT-1	Cluster 6	0.0
TCACCTCTACGACT-1	Cluster 1	2.0
TCACCTCTTCCAAG-1	Cluster 2	0.0
TCACGAGAGGAGGT-1	Cluster 4	0.0
TCACTATGGGGCAA-1	Cluster 1	2.0
TCACTATGGTTGTG-1	Cluster 4	0.0
TCAGACGACGCTAA-1	Cluster 8	1.0
TCAGACGACGTTAG-1	Cluster 7	0.0
TCAGAGACTCCAGA-1	Cluster 1	1.0
TCAGCAGACTCCAC-1	Cluster 8	0.0
TCAGCGCTCTAGTG-1	Cluster 7	2.0
TCAGCGCTGGATCT-1	Cluster 4	0.0
TCAGCGCTGGTATC-1	Cluster 7	2.0
TCAGGATGAAGTAG-1	Cluster 7	1.0
TCAGGATGCCTTTA-1	Cluster 2	0.0
TCAGTGGAAGATCC-1	Cluster 7	2.0
TCAGTTACCTACGA-1	Cluster 2	0.0
TCAGTTACTAGAAG-1	Cluster 8	0.0
TCATCAACCCGATA-1	Cluster 1	5.0
TCATCAACTGTTCT-1	Cluster 6	0.0
TCATCATGCAGTTG-1	Cluster 8	5.0
TCATCCCTTACTGG-1	Cluster 8	2.0
TCATTCGATACAGC-1	Cluster 6	0.0
TCCACGTGGAAACA-1	Cluster 1	3.0
TCCACTCTACACTG-1	Cluster 8	1.0
TCCACTCTGAGCTT-1	Cluster 2	0.0
TCCACTCTTACTTC-1	Cluster 4	0.0
TCCATAACAAAGTG-1	Cluster 1	0.0
TCCATAACCGTAGT-1	Cluster 4	0.0
TCCATAACGATGAA-1	Cluster 8	1.0
TCCATAACTACGCA-1	Cluster 1	1.0
TCCATCCTCCCTAC-1	Cluster 7	0.0
TCCCACGATCATTC-1	Cluster 8	0.0
TCCCATCTCAAAGA-1	Cluster 2	0.0
TCCCGAACACAGTC-1	Cluster 7	0.0
TCCCGAACTTCGCC-1	Cluster 6	0.0
TCCCGATGAGATCC-1	Cluster 5	0.0
TCCCGATGCCTGAA-1	Cluster 2	0.0
TCCCGATGCTGTGA-1	Cluster 5	3.0
TCCCTACTCAACTG-1	Cluster 4	0.0
TCCGAAGACAATCG-1	Cluster 2	0.0
TCCGAAGACGTTAG-1	Cluster 8	0.0
TCCGGACTGAGGTG-1	Cluster 8	1.0
TCCGGACTGTACGT-1	Cluster 1	1.0
TCCTAAACATCGAC-1	Cluster 5	0.0
TCCTAAACCGAGAG-1	Cluster 8	3.0
TCCTAAACCGCATA-1	Cluster 7	0.0
TCCTAATGGTTTGG-1	Cluster 7	1.0
TCCTACCTGTCGTA-1	Cluster 8	2.0
TCCTATGAAAAGCA-1	Cluster 1	2.0
TCGAATCTCTGGTA-1	Cluster 7	4.0
TCGACCTGCCGATA-1	Cluster 2	0.0
TCGACGCTTCTATC-1	Cluster 2	1.0
TCGACGCTTTGACG-1	Cluster 1	0.0
TCGAGAACGACAGG-1	Cluster 8	0.0
TCGAGAACGTTAGC-1	Cluster 8	5.0
TCGAGCCTATCAGC-1	Cluster 4	0.0
TCGAGCCTGCGAGA-1	Cluster 8	1.0
TCGAGCCTTGTGAC-1	Cluster 1	1.0
TCGATACTATTCCT-1	Cluster 7	3.0
TCGATACTTGCACA-1	Cluster 7	2.0
TCGATTTGATGCCA-1	Cluster 2	0.0
TCGATTTGCACTCC-1	Cluster 8	0.0
TCGATTTGCAGCTA-1	Cluster 7	0.0
TCGATTTGCCTACC-1	Cluster 2	0.0
TCGATTTGTCGTGA-1	Cluster 4	1.0
TCGCACACCATCAG-1	Cluster 2	0.0
TCGCAGCTAGATCC-1	Cluster 7	1.0
TCGCCATGAGACTC-1	Cluster 1	3.0
TCGCCATGTGGTCA-1	Cluster 4	0.0
TCGGACCTAACAGA-1	Cluster 8	4.0
TCGGACCTATAAGG-1	Cluster 4	0.0
TCGGACCTGTACAC-1	Cluster 1	3.0
TCGGTAGAGTAGGG-1	Cluster 8	4.0
TCGGTAGATCCCAC-1	Cluster 4	0.0
TCGTAGGATCGACA-1	Cluster 1	2.0
TCGTGAGAACTGTG-1	Cluster 4	0.0
TCGTTATGGACAAA-1	Cluster 1	0.0
TCTAACACCAGTTG-1	Cluster 5	0.0
TCTAACACGAGCAG-1	Cluster 2	0.0
TCTAACTGAACCAC-1	Cluster 8	2.0
TCTAAGCTAATGCC-1	Cluster 8	2.0
TCTAAGCTTAGTCG-1	Cluster 7	1.0
TCTAAGCTTCTAGG-1	Cluster 6	0.0
TCTAAGCTTGTTCT-1	Cluster 2	0.0
TCTAAGCTTTCGCC-1	Cluster 4	0.0
TCTACAACGACTAC-1	Cluster 2	0.0
TCTAGACTTAGAAG-1	Cluster 2	0.0
TCTAGTTGCACCAA-1	Cluster 6	0.0
TCTATGTGAAGAGT-1	Cluster 2	0.0
TCTATGTGAGTCTG-1	Cluster 5	0.0
TCTCAAACCTAAGC-1	Cluster 4	0.0
TCTCTAGAATTTCC-1	Cluster 1	30.0
TCTGATACACGTGT-1	Cluster 1	1.0
TCTGATACTCGCCT-1	Cluster 1	1.0
TCTTACGAACCTGA-1	Cluster 2	0.0
TCTTCAGAGCTACA-1	Cluster 2	0.0
TCTTGATGCGGAGA-1	Cluster 7	2.0
TGAAATTGGTGAGG-1	Cluster 2	0.0
TGAACCGAAAACGA-1	Cluster 8	2.0
TGAACCGACTACTT-1	Cluster 2	0.0
TGAACCGATTCGGA-1	Cluster 2	1.0
TGAAGCACTCACGA-1	Cluster 8	0.0
TGAAGCTGAACGAA-1	Cluster 8	0.0
TGAAGCTGAGACTC-1	Cluster 5	0.0
TGAAGCTGCATGGT-1	Cluster 4	0.0
TGAAGCTGCGTAAC-1	Cluster 1	1.0
TGAATAACCACTTT-1	Cluster 1	5.0
TGAATAACTCCCAC-1	Cluster 7	2.0
TGACACGACCTTAT-1	Cluster 4	0.0
TGACCAGACAACCA-1	Cluster 7	0.0
TGACCAGAGGATTC-1	Cluster 8	0.0
TGACCGCTAAAAGC-1	Cluster 8	1.0
TGACCGCTCTGCAA-1	Cluster 1	0.0
TGACGATGCAAAGA-1	Cluster 2	0.0
TGACGCCTGTACCA-1	Cluster 8	2.0
TGACGCCTTTACTC-1	Cluster 8	1.0
TGACTGGAAGAGAT-1	Cluster 2	0.0
TGACTGGACCGTAA-1	Cluster 5	1.0
TGACTGGACGCAAT-1	Cluster 8	2.0
TGACTGGAGGACAG-1	Cluster 4	1.0
TGACTGGATTCTCA-1	Cluster 8	4.0
TGACTTACACACCA-1	Cluster 8	3.0
TGACTTACAGTCTG-1	Cluster 2	1.0
TGACTTTGCGCATA-1	Cluster 1	3.0
TGACTTTGTTTGTC-1	Cluster 8	2.0
TGAGACACAAGGTA-1	Cluster 8	1.0
TGAGACACTCAAGC-1	Cluster 7	3.0
TGAGACACTGTGCA-1	Cluster 5	0.0
TGAGCTGAATGCTG-1	Cluster 6	0.0
TGAGCTGACTGGAT-1	Cluster 2	0.0
TGAGCTGAGCGAGA-1	Cluster 7	0.0
TGAGCTGATGCTAG-1	Cluster 2	0.0
TGAGGACTCTCATT-1	Cluster 2	0.0
TGAGGACTTCATTC-1	Cluster 8	1.0
TGAGGTACGAACCT-1	Cluster 6	0.0
TGAGTCGAGTTACG-1	Cluster 4	0.0
TGAGTGACTGAGCT-1	Cluster 1	2.0
TGATAAACGAATCC-1	Cluster 1	2.0
TGATAAACTCCGTC-1	Cluster 7	1.0
TGATAAACTTTCAC-1	Cluster 8	4.0
TGATACCTCACTAG-1	Cluster 2	0.0
TGATACCTGTTGGT-1	Cluster 8	4.0
TGATACCTTATGCG-1	Cluster 1	1.0
TGATACCTTGAAGA-1	Cluster 8	2.0
TGATATGAACCTTT-1	Cluster 8	2.0
TGATCACTAGCATC-1	Cluster 5	0.0
TGATCACTCTCGCT-1	Cluster 1	0.0
TGATCACTTCTACT-1	Cluster 4	1.0
TGATCGGACTGACA-1	Cluster 6	0.0
TGATCGGAGGAGCA-1	Cluster 4	0.0
TGATCGGATATGCG-1	Cluster 2	0.0
TGATTAGACATTGG-1	Cluster 8	1.0
TGATTAGATGACTG-1	Cluster 4	0.0
TGATTAGATGCTAG-1	Cluster 8	0.0
TGATTCACTATGCG-1	Cluster 1	1.0
TGATTCACTGTCAG-1	Cluster 4	0.0
TGATTCTGCCGAAT-1	Cluster 8	3.0
TGATTCTGCTCTTA-1	Cluster 8	5.0
TGCAAGTGAGAACA-1	Cluster 8	2.0
TGCAAGTGGGTAGG-1	Cluster 2	0.0
TGCAATCTTCAGGT-1	Cluster 3	0.0
TGCACAGACGACAT-1	Cluster 7	1.0
TGCCAAGAGCAGTT-1	Cluster 2	0.0
TGCCAAGATCTCTA-1	Cluster 8	2.0
TGCCACTGAACGTC-1	Cluster 8	2.0
TGCCACTGCGATAC-1	Cluster 7	0.0
TGCCAGCTTGGCAT-1	Cluster 8	0.0
TGCCCAACAGCAAA-1	Cluster 8	0.0
TGCCCAACCGCATA-1	Cluster 2	1.0
TGCCGACTCTCCCA-1	Cluster 4	0.0
TGCGAAACAGTCAC-1	Cluster 4	0.0
TGCGAAACGTTGCA-1	Cluster 4	0.0
TGCGATGAACGGTT-1	Cluster 8	2.0
TGCGATGACCTCGT-1	Cluster 1	1.0
TGCGATGACTAGTG-1	Cluster 4	0.0
TGCGATGACTGCTC-1	Cluster 4	1.0
TGCGATGACTTGCC-1	Cluster 4	0.0
TGCGATGAGTGCTA-1	Cluster 2	0.0
TGCGCACTCTTGAG-1	Cluster 2	0.0
TGCGTAGAATAAGG-1	Cluster 2	0.0
TGCGTAGACGGGAA-1	Cluster 4	0.0
TGCGTAGATGGTCA-1	Cluster 6	0.0
TGCTAGGAAACCGT-1	Cluster 1	6.0
TGCTAGGATAGTCG-1	Cluster 8	1.0
TGCTATACGGTTCA-1	Cluster 2	0.0
TGCTATACTGCTGA-1	Cluster 7	1.0
TGCTGAGAGAGCAG-1	Cluster 7	1.0
TGCTGAGATTATCC-1	Cluster 8	0.0
TGGAAAGACTCTCG-1	Cluster 4	0.0
TGGAAAGAGCGATT-1	Cluster 8	1.0
TGGAAAGAGGTCAT-1	Cluster 6	0.0
TGGAAAGATATGGC-1	Cluster 1	2.0
TGGAACACAAACAG-1	Cluster 7	1.0
TGGAACACGCTAAC-1	Cluster 7	1.0
TGGAAGCTCAGATC-1	Cluster 8	2.0
TGGACCCTACACTG-1	Cluster 2	0.0
TGGACCCTCATGGT-1	Cluster 5	0.0
TGGACCCTGGTACT-1	Cluster 2	0.0
TGGACTGAGTATGC-1	Cluster 8	1.0
TGGAGACTATCAGC-1	Cluster 2	0.0
TGGAGACTGAAACA-1	Cluster 7	0.0
TGGAGACTTCAAGC-1	Cluster 8	1.0
TGGAGACTTGACCA-1	Cluster 7	2.0
TGGAGGGACGGAGA-1	Cluster 2	0.0
TGGAGGGAGCTATG-1	Cluster 5	1.0
TGGATCGATAAAGG-1	Cluster 8	0.0
TGGATGTGACCTAG-1	Cluster 4	0.0
TGGATGTGATGTCG-1	Cluster 1	2.0
TGGATGTGTGAAGA-1	Cluster 4	1.0
TGGATTCTCATACG-1	Cluster 7	1.0
TGGCAATGCTTGTT-1	Cluster 4	0.0
TGGCAATGGAGGGT-1	Cluster 7	1.0
TGGCACCTTCACGA-1	Cluster 5	1.0
TGGCACCTTCAGTG-1	Cluster 2	1.0
TGGGTATGAAGAGT-1	Cluster 8	3.0
TGGGTATGCACAAC-1	Cluster 8	1.0
TGGGTATGGTACGT-1	Cluster 4	0.0
TGGGTATGTTTGGG-1	Cluster 2	0.0
TGGTAGACATGCCA-1	Cluster 8	2.0
TGGTAGACCCTCAC-1	Cluster 7	0.0
TGGTAGACCTGATG-1	Cluster 8	0.0
TGGTAGTGCACTGA-1	Cluster 2	0.0
TGGTATCTAAACAG-1	Cluster 1	3.0
TGGTATCTCTTCCG-1	Cluster 8	1.0
TGGTCAGACCCAAA-1	Cluster 5	0.0
TGGTCAGACCGTTC-1	Cluster 7	0.0
TGGTTACTGACGTT-1	Cluster 2	0.0
TGGTTACTGTTCTT-1	Cluster 8	2.0
TGTAACCTAGAGGC-1	Cluster 8	2.0
TGTAACCTTGCCTC-1	Cluster 2	0.0
TGTAATGACACAAC-1	Cluster 7	0.0
TGTAATGAGGTAAA-1	Cluster 7	0.0
TGTACTTGCTCTAT-1	Cluster 6	0.0
TGTAGGTGCGAGAG-1	Cluster 4	0.0
TGTAGGTGCTATGG-1	Cluster 8	2.0
TGTAGGTGCTCTAT-1	Cluster 3	0.0
TGTAGGTGTGCTGA-1	Cluster 8	2.0
TGTAGTCTTCCAGA-1	Cluster 8	2.0
TGTAGTCTTGCACA-1	Cluster 8	0.0
TGTATCTGTTAGGC-1	Cluster 8	4.0
TGTATGCTCATGGT-1	Cluster 4	0.0
TGTATGCTGTAGGG-1	Cluster 7	0.0
TGTATGCTTTCATC-1	Cluster 8	2.0
TGTCAGGAATACCG-1	Cluster 1	2.0
TGTCAGGAGATGAA-1	Cluster 6	0.0
TGTCTAACCCCTTG-1	Cluster 1	1.0
TGTGACGATTCTCA-1	Cluster 8	2.0
TGTGAGACTGTCAG-1	Cluster 2	0.0
TGTGAGACTTGAGC-1	Cluster 8	1.0
TGTGAGTGACCACA-1	Cluster 8	0.0
TGTGAGTGAGTGCT-1	Cluster 6	0.0
TGTGAGTGGAGATA-1	Cluster 5	2.0
TGTGATCTCTCTAT-1	Cluster 4	0.0
TGTGATCTGACACT-1	Cluster 5	0.0
TGTGGATGGCCAAT-1	Cluster 4	0.0
TGTTAAGACAAAGA-1	Cluster 2	0.0
TGTTAAGATAAGGA-1	Cluster 2	0.0
TGTTAAGATTGGCA-1	Cluster 2	0.0
TGTTACACCGCATA-1	Cluster 2	0.0
TGTTACACGACTAC-1	Cluster 2	1.0
TGTTACTGGCTACA-1	Cluster 7	4.0
TGTTACTGTAGTCG-1	Cluster 7	0.0
TTAACCACCGTAAC-1	Cluster 8	0.0
TTAACCACTAAGGA-1	Cluster 7	3.0
TTAACCACTCAGAC-1	Cluster 7	2.0
TTACACACGTGTTG-1	Cluster 8	2.0
TTACACACTCCTAT-1	Cluster 8	5.0
TTACCATGAATCGC-1	Cluster 2	1.0
TTACCATGGTTGAC-1	Cluster 8	1.0
TTACCATGTGTCTT-1	Cluster 5	1.0
TTACCATGTTGTGG-1	Cluster 4	0.0
TTACGACTGAGAGC-1	Cluster 8	3.0
TTACGACTTGACAC-1	Cluster 2	0.0
TTACGTACGTTCAG-1	Cluster 5	0.0
TTACTCGAACGTTG-1	Cluster 8	3.0
TTACTCGAAGAATG-1	Cluster 2	0.0
TTACTCGACGCAAT-1	Cluster 3	0.0
TTACTCGAGGGTGA-1	Cluster 8	1.0
TTACTCGATCTACT-1	Cluster 7	0.0
TTAGAATGTGGTGT-1	Cluster 8	2.0
TTAGAATGTGTAGC-1	Cluster 7	0.0
TTAGACCTCCTACC-1	Cluster 1	2.0
TTAGACCTCCTTTA-1	Cluster 2	0.0
TTAGCTACAACCGT-1	Cluster 8	2.0
TTAGCTACTGTCCC-1	Cluster 2	0.0
TTAGCTACTTTCGT-1	Cluster 1	2.0
TTAGGGACGCGAAG-1	Cluster 7	1.0
TTAGGGTGCTGGAT-1	Cluster 4	1.0
TTAGGGTGTCCTGC-1	Cluster 2	0.0
TTAGGTCTACTTTC-1	Cluster 2	0.0
TTAGTCACCAGTTG-1	Cluster 8	3.0
TTAGTCTGAAAGCA-1	Cluster 4	0.0
TTAGTCTGCCAACA-1	Cluster 7	0.0
TTAGTCTGTGCACA-1	Cluster 8	1.0
TTATCCGACTAGTG-1	Cluster 4	0.0
TTATCCGAGAAAGT-1	Cluster 6	1.0
TTATGAGAGATAAG-1	Cluster 5	2.0
TTATGCACGTCACA-1	Cluster 4	0.0
TTATGGCTTATGGC-1	Cluster 3	0.0
TTATTCCTATGCTG-1	Cluster 2	0.0
TTATTCCTGGACAG-1	Cluster 4	0.0
TTATTCCTGGTACT-1	Cluster 4	0.0
TTATTCCTTCGTGA-1	Cluster 1	3.0
TTCAAAGATAAAGG-1	Cluster 1	0.0
TTCAACACAACAGA-1	Cluster 1	2.0
TTCAACACCCCAAA-1	Cluster 2	0.0
TTCAACACGGACGA-1	Cluster 2	0.0
TTCAAGCTAAGAAC-1	Cluster 2	0.0
TTCAAGCTAGATGA-1	Cluster 8	1.0
TTCAAGCTGTTGAC-1	Cluster 8	2.0
TTCAAGCTTCCAAG-1	Cluster 7	0.0
TTCAAGCTTGATGC-1	Cluster 1	1.0
TTCAAGCTTTCGCC-1	Cluster 1	1.0
TTCACAACCCGTTC-1	Cluster 2	0.0
TTCACAACGTCTGA-1	Cluster 2	0.0
TTCAGACTACCCAA-1	Cluster 1	0.0
TTCAGACTCTCGAA-1	Cluster 8	1.0
TTCAGTACCGACTA-1	Cluster 8	3.0
TTCAGTACTCAAGC-1	Cluster 8	3.0
TTCAGTACTCCTAT-1	Cluster 2	0.0
TTCAGTTGCCAAGT-1	Cluster 8	1.0
TTCAGTTGTCCTTA-1	Cluster 4	0.0
TTCAGTTGTCTAGG-1	Cluster 5	1.0
TTCAGTTGTCTCGC-1	Cluster 4	0.0
TTCATCGAGGTGGA-1	Cluster 2	0.0
TTCATGTGTGGTGT-1	Cluster 8	0.0
TTCATTCTATGTCG-1	Cluster 6	0.0
TTCATTCTTCTCTA-1	Cluster 1	0.0
TTCCAAACCTATGG-1	Cluster 2	0.0
TTCCAAACCTCCCA-1	Cluster 4	0.0
TTCCAAACTCCCAC-1	Cluster 5	0.0
TTCCAAACTTGACG-1	Cluster 7	0.0
TTCCATGACGAGAG-1	Cluster 2	0.0
TTCCATGACTGTCC-1	Cluster 5	1.0
TTCCCACTTGAGGG-1	Cluster 7	0.0
TTCCCACTTGTCTT-1	Cluster 2	0.0
TTCCTAGAAAGTGA-1	Cluster 8	3.0
TTCCTAGACTAGTG-1	Cluster 2	0.0
TTCGAGGACTCTAT-1	Cluster 8	6.0
TTCGAGGAGGGCAA-1	Cluster 8	0.0
TTCGAGGATAGAAG-1	Cluster 2	0.0
TTCGATTGAGCATC-1	Cluster 8	0.0
TTCGGAGAATGCCA-1	Cluster 2	0.0
TTCGGAGATGTGCA-1	Cluster 8	6.0
TTCGTATGAAAAGC-1	Cluster 7	1.0
TTCGTATGGATAGA-1	Cluster 7	1.0
TTCGTATGGTCTGA-1	Cluster 1	2.0
TTCGTATGTCCTTA-1	Cluster 2	0.0
TTCTACGAACGTAC-1	Cluster 1	7.0
TTCTACGAGTTGGT-1	Cluster 8	1.0
TTCTAGTGACACGT-1	Cluster 8	1.0
TTCTAGTGCATGAC-1	Cluster 2	0.0
TTCTAGTGGAGAGC-1	Cluster 7	0.0
TTCTAGTGGTCACA-1	Cluster 2	1.0
TTCTCAGAAGAGAT-1	Cluster 8	3.0
TTCTCAGAAGCATC-1	Cluster 4	1.0
TTCTCAGATGGAGG-1	Cluster 8	2.0
TTCTGATGGAGACG-1	Cluster 7	0.0
TTCTTACTCTGGAT-1	Cluster 2	0.0
TTGAACCTCCTTGC-1	Cluster 4	0.0
TTGAATGAACTACG-1	Cluster 2	0.0
TTGAATGACTTACT-1	Cluster 8	1.0
TTGAATGATCTCAT-1	Cluster 4	0.0
TTGACACTCTGTAG-1	Cluster 8	2.0
TTGACACTGATAAG-1	Cluster 4	0.0
TTGAGGACAGAACA-1	Cluster 2	0.0
TTGAGGACTACGCA-1	Cluster 3	1.0
TTGAGGTGGACGGA-1	Cluster 1	1.0
TTGCATTGAGCTAC-1	Cluster 7	2.0
TTGCATTGCTAAGC-1	Cluster 2	0.0
TTGCATTGTGACTG-1	Cluster 8	1.0
TTGCTAACACCAAC-1	Cluster 7	2.0
TTGCTAACACGCTA-1	Cluster 6	0.0
TTGCTAACCACTCC-1	Cluster 8	1.0
TTGCTATGGTACGT-1	Cluster 2	0.0
TTGCTATGGTAGGG-1	Cluster 6	0.0
TTGGAGACCAATCG-1	Cluster 8	3.0
TTGGAGACGCTATG-1	Cluster 2	0.0
TTGGAGACTATGGC-1	Cluster 4	0.0
TTGGGAACTGAACC-1	Cluster 1	4.0
TTGGTACTACTGGT-1	Cluster 6	0.0
TTGGTACTCTTAGG-1	Cluster 8	2.0
TTGGTACTGAATCC-1	Cluster 4	1.0
TTGGTACTGGATTC-1	Cluster 4	0.0
TTGTACACGTTGTG-1	Cluster 4	0.0
TTGTACACTTGCAG-1	Cluster 8	2.0
TTGTAGCTAGCTCA-1	Cluster 8	1.0
TTGTAGCTCTCTTA-1	Cluster 4	0.0
TTGTCATGGACGGA-1	Cluster 7	0.0
TTTAGAGATCCTCG-1	Cluster 4	0.0
TTTAGCTGATACCG-1	Cluster 8	1.0
TTTAGCTGGATACC-1	Cluster 2	0.0
TTTAGCTGTACTCT-1	Cluster 3	0.0
TTTAGGCTCCTTTA-1	Cluster 2	0.0
TTTATCCTGTTGTG-1	Cluster 6	0.0
TTTCACGAGGTTCA-1	Cluster 1	2.0
TTTCAGTGGAAGGC-1	Cluster 7	3.0
TTTCAGTGTCACGA-1	Cluster 4	0.0
TTTCAGTGTCTATC-1	Cluster 2	0.0
TTTCAGTGTGCAGT-1	Cluster 4	0.0
TTTCCAGAGGTGAG-1	Cluster 8	2.0
TTTCGAACACCTGA-1	Cluster 4	0.0
TTTCGAACTCTCAT-1	Cluster 2	0.0
TTTCTACTGAGGCA-1	Cluster 4	0.0
TTTCTACTTCCTCG-1	Cluster 4	0.0
TTTGCATGAGAGGC-1	Cluster 4	0.0
TTTGCATGCCTCAC-1	Cluster 8	2.0
